Signal,Transition Reasons,Events,Whipsaws,Whipsaw %,Avg Transition Days,Median Transition Days,Avg Return +5d,Avg Return +20d,Avg Return +60d,Avg Return +120d,Avg Timing Score,Avg Outcome Score,Avg Timing Quality,Positive 20d %,Positive 60d %,Positive 120d %
Credit Crisis,,262,0,0.0,,,-0.0102,-0.0356,-0.0435,-0.0639,0.0507,-0.0298,,43.41,50.55,56.04
Credit Crisis,Credit Crisis,62,0,0.0,,,-0.0038,0.0192,-0.0039,-0.0407,0.0137,0.0038,,65.85,70.73,58.54
Credit Crisis,VR > 1.25,6,0,0.0,,,0.0306,-0.0536,0.282,-0.218,0.0083,0.0864,,0.0,100.0,0.0
Donchian Break,,1338,0,0.0,,,-0.0062,0.0082,0.0274,0.0277,0.0584,0.0097,,55.81,63.23,59.1
Donchian Break,Credit Crisis,1,0,0.0,,,0.0439,0.1088,0.0364,0.003,-0.066,0.063,,100.0,100.0,100.0
Donchian Break,Danger Passed,8,0,0.0,,,0.0939,0.1663,0.3159,0.1888,0.1823,0.192,,100.0,100.0,87.5
Donchian Break,Donchian,109,0,0.0,,,0.0011,-0.0097,-0.0249,-0.0498,0.0222,-0.0112,,66.07,62.5,67.86
Donchian Break,RVol > 18.00%,43,0,0.0,,,0.0042,0.1306,0.1663,0.2086,0.1422,0.1004,,86.05,67.44,95.35
Donchian Break,RVol > 18.00% | VR > 1.25,6,0,0.0,,,0.0718,0.0296,-0.1985,0.0907,0.0121,-0.0323,,100.0,0.0,100.0
Donchian Break,RVol > 36.00% | Donchian,1,0,0.0,,,0.0125,0.0643,0.1692,0.1639,-0.0259,0.082,,100.0,100.0,100.0
Donchian Break,RVol > 36.00% | VR > 1.40 | Donchian,1,0,0.0,,,-0.024,-0.008,-0.0939,-0.0435,0.0163,-0.042,,0.0,0.0,0.0
Donchian Break,SPY Breakdown,6,0,0.0,,,0.049,-0.0033,-0.1073,0.0284,0.0331,-0.0205,,50.0,0.0,100.0
Donchian Break,VR > 1.25,2,0,0.0,,,0.0208,0.0808,0.0393,0.0758,0.0555,0.047,,100.0,50.0,100.0
Donchian Break,VR > 1.40,2,0,0.0,,,0.0026,0.0262,0.0916,0.1186,0.0011,0.0401,,50.0,100.0,100.0
Donchian Break,VR > 1.40 | Donchian,7,0,0.0,,,-0.0492,0.0182,0.0011,-0.04,0.0425,-0.0099,,100.0,80.0,80.0
Donchian Break,VR > 1.40 | SPY Breakdown | Donchian,6,0,0.0,,,-0.0592,-0.0719,-0.0975,0.0153,0.0929,-0.0762,,0.0,0.0,75.0
Donchian+RVol,,1023,0,0.0,,,-0.0084,-0.0095,-0.0218,-0.0414,0.0479,-0.0131,,53.12,58.44,52.27
Donchian+RVol,Danger Passed,8,0,0.0,,,0.0939,0.1663,0.3159,0.1888,0.1823,0.192,,100.0,100.0,87.5
Donchian+RVol,Donchian,116,0,0.0,,,-0.0039,-0.0092,-0.0246,-0.0474,0.0219,-0.0151,,66.67,61.4,68.42
Donchian+RVol,RVol > 18.00%,12,0,0.0,,,0.0216,0.1628,0.1513,0.2145,0.1429,0.1119,,100.0,75.0,100.0
Donchian+RVol,RVol > 18.00% | VR > 1.25,6,0,0.0,,,0.0718,0.0296,-0.1985,0.0907,0.0121,-0.0323,,100.0,0.0,100.0
Donchian+RVol,RVol > 36.00% | Donchian,1,0,0.0,,,0.0125,0.0643,0.1692,0.1639,-0.0259,0.082,,100.0,100.0,100.0
Donchian+RVol,RVol > 36.00% | VR > 1.40 | Donchian,1,0,0.0,,,-0.024,-0.008,-0.0939,-0.0435,0.0163,-0.042,,0.0,0.0,0.0
Donchian+RVol,VR > 1.40 | Donchian,7,0,0.0,,,-0.0492,0.0182,0.0011,-0.04,0.0425,-0.0099,,100.0,80.0,80.0
Donchian+RVol,VR > 1.40 | SPY Breakdown | Donchian,6,0,0.0,,,-0.0592,-0.0719,-0.0975,0.0153,0.0929,-0.0762,,0.0,0.0,75.0
RVol >18%,,749,0,0.0,,,0.0044,0.0131,0.0798,0.137,0.0524,0.0321,,56.01,59.94,70.9
RVol >18%,Credit Crisis,1,0,0.0,,,-0.0317,-0.0271,0.006,-0.0918,0.0493,-0.0176,,0.0,100.0,0.0
RVol >18%,Danger Passed,19,0,0.0,,,0.0536,0.0253,0.1963,0.175,0.0824,0.0918,,68.42,68.42,68.42
RVol >18%,Donchian,2,0,0.0,,,-0.0063,0.0427,0.0709,0.1406,-0.0099,0.0358,,100.0,50.0,100.0
RVol >18%,Donchian +3% Recovery,1,0,0.0,,,-0.0504,-0.1282,0.087,0.2102,-0.0505,-0.0305,,0.0,100.0,100.0
RVol >18%,RVol > 18.00%,327,0,0.0,,,0.0109,0.0569,0.1142,0.1649,0.0757,0.0607,,71.56,71.56,80.43
RVol >18%,RVol > 18.00% | VR > 1.25,66,0,0.0,,,0.027,-0.0058,-0.0049,0.0912,0.04,0.0063,,45.45,46.67,81.67
RVol >18%,VR > 1.40,33,0,0.0,,,0.015,0.0014,0.0229,-0.0046,-0.0023,0.0131,,50.0,61.11,55.56
RVol >18%,VR > 1.40 | SPY Breakdown | Donchian,6,0,0.0,,,-0.0592,-0.0719,-0.0975,0.0153,0.0929,-0.0762,,0.0,0.0,75.0
SPY Breakdown,,456,0,0.0,,,-0.0001,0.0076,0.0109,0.0011,0.0239,0.0061,,56.69,67.61,59.36
SPY Breakdown,RVol > 36.00% | VR > 1.40 | SPY Breakdown,6,0,0.0,,,-0.027,0.0221,-0.0421,-0.1998,0.046,-0.0157,,100.0,50.0,50.0
SPY Breakdown,SPY Breakdown,47,0,0.0,,,0.0166,-0.0218,-0.0713,-0.0491,0.0481,-0.0255,,38.71,41.94,53.85
SPY Breakdown,VR > 1.40 | SPY Breakdown,1,0,0.0,,,-0.0422,-0.0499,-0.0307,0.0314,0.0908,-0.0409,,0.0,0.0,100.0
SPY Breakdown,VR > 1.40 | SPY Breakdown | Donchian,6,0,0.0,,,-0.0592,-0.0719,-0.0975,0.0153,0.0929,-0.0762,,0.0,0.0,75.0
VR >1.25,,808,0,0.0,,,0.0016,0.0039,0.0199,0.0601,0.0497,0.0081,,54.45,58.04,64.2
VR >1.25,Credit Crisis,7,0,0.0,,,0.0632,0.0791,-0.0114,-0.0641,-0.078,0.0436,,80.0,80.0,80.0
VR >1.25,Donchian,6,0,0.0,,,0.041,0.0961,0.1014,0.1459,-0.057,0.0794,,100.0,75.0,100.0
VR >1.25,Donchian +3% Recovery,9,0,0.0,,,-0.058,0.1128,0.3344,0.7097,0.1098,0.1297,,88.89,88.89,100.0
VR >1.25,RVol > 18.00% | VR > 1.25,66,0,0.0,,,0.027,-0.0058,-0.0049,0.0912,0.04,0.0063,,45.45,46.67,81.67
VR >1.25,RVol > 36.00%,7,0,0.0,,,-0.0403,-0.1577,-0.1923,-0.3092,0.1559,-0.1301,,33.33,33.33,50.0
VR >1.25,RVol > 36.00% | VR > 1.40,7,0,0.0,,,-0.0538,-0.1076,-0.1814,-0.2007,0.0816,-0.1143,,33.33,66.67,66.67
VR >1.25,RVol > 36.00% | VR > 1.40 | Donchian,1,0,0.0,,,-0.024,-0.008,-0.0939,-0.0435,0.0163,-0.042,,0.0,0.0,0.0
VR >1.25,VR > 1.25,128,0,0.0,,,-0.0025,0.0322,0.0876,0.1418,0.0431,0.0387,,68.5,69.05,83.33
VR >1.25,VR > 1.40,34,0,0.0,,,0.01,0.0013,0.0371,0.0626,0.0076,0.0161,,50.0,72.73,72.73
VR >1.25,VR > 1.40 | Donchian,1,0,0.0,,,-0.0365,0.0138,0.0302,0.0513,0.0336,0.0025,,100.0,100.0,100.0
VR >1.25,VR > 1.40 | SPY Breakdown,1,0,0.0,,,-0.0422,-0.0499,-0.0307,0.0314,0.0908,-0.0409,,0.0,0.0,100.0
VR >1.25,VR > 1.40 | SPY Breakdown | Donchian,6,0,0.0,,,-0.0592,-0.0719,-0.0975,0.0153,0.0929,-0.0762,,0.0,0.0,75.0
