Date,Exit Date,From State,To State,Exited Asset,Entered Asset,Duration Days,Whipsaw,Entry Price,Exit Price,Previous 10D High,Following 10D Low,Entry vs 10D Low,Exit vs Previous 10D High,Return 1D,Return 3D,Return 5D,Return 10D,Return 20D,MAE,MFE,Downside Avoided,Upside Captured,Timing Score,Outcome Score,Transition Quality,Timing Class
1993-02-16,1993-02-17,AGGRESSIVE,MODERATE,TQQQ,QQQ,1,True,7.41940686805,1.16830539418,1.53442023947,7.41940686805,0.0,-0.23860141822455283,,,,,,0.0,0.0,-0.04995299450017632,0.0,100.0,,,EXCELLENT
1993-02-17,1993-02-25,MODERATE,DEFENSIVE,QQQ,TLT,6,False,,7.52111906022,7.85613329634,,,-0.04264365477048049,,,,,,,,-0.01017945749920901,,91.47126904590391,52.0358914998418,75.69711802747906,EXCELLENT
1993-02-25,1993-03-02,DEFENSIVE,MODERATE,TLT,QQQ,3,True,7.52111906022,,,7.46603493297,0.00737796269968527,,-0.001500817185530634,,,,,-0.00732392703917506,0.0,,0.0,98.52440746006295,,,EXCELLENT
1993-03-02,1993-12-14,MODERATE,DEFENSIVE,QQQ,TLT,200,False,,8.17447383661,8.57948182079,,,-0.04720657874681622,,,,,,,,0.0,,90.55868425063676,50.0,74.33521055038204,EXCELLENT
1993-12-14,1993-12-22,DEFENSIVE,MODERATE,TLT,QQQ,6,False,8.17447383661,,,8.17447383661,0.0,,0.00551676329649875,0.01618421790005553,0.0147967813865022,,,0.0,0.017965410215430078,,0.017965410215430078,100.0,52.959356277300444,81.18374251092018,EXCELLENT
1993-12-22,1994-04-04,MODERATE,AGGRESSIVE,QQQ,TQQQ,70,False,1.43259950924,8.01141533602,8.91053820859,1.43259950924,0.0,-0.10090556277545837,0.014460375364075073,0.048416326421050204,0.07158711949748353,0.12233543036949324,0.17879260107095973,0.0,0.18334607507951972,-0.053470808571611794,0.18334607507951972,100.0,85.75852021419195,94.30340808567678,EXCELLENT
1994-04-04,1994-04-05,AGGRESSIVE,MODERATE,TQQQ,QQQ,1,True,8.01141533602,1.37946802549,1.66904841578,8.01141533602,0.0,-0.17350029367163078,,,,,,0.0,0.0,-0.24630713107635072,0.0,100.0,,,EXCELLENT
1994-04-05,1994-05-17,MODERATE,DEFENSIVE,QQQ,TLT,29,False,,7.69119004261,8.06997148275,,,-0.046937147293477643,,,,,,,,0.0,,90.61257054130448,50.0,74.36754232478268,EXCELLENT
1994-05-17,1994-06-24,DEFENSIVE,MODERATE,TLT,QQQ,27,False,7.69119004261,,,7.69119004261,0.0,,0.022433107424745247,0.027354383929460768,0.04572863362516122,0.051872580681235236,0.04776747687609184,0.0,0.06174944561229889,,0.06174944561229889,100.0,60.374516136247045,84.14980645449882,EXCELLENT
1994-06-24,1994-07-15,MODERATE,DEFENSIVE,QQQ,TLT,14,False,,7.83243819703,7.87308691858,,,-0.0051629966708575115,,,,,,,,-0.021017897844686884,,98.96740066582849,54.20357956893738,81.06187222707204,EXCELLENT
1994-07-15,1994-08-24,DEFENSIVE,MODERATE,TLT,QQQ,28,False,7.83243819703,,,7.66781681113,0.021469133907978666,,0.002551704235288943,-0.021017897844686884,-0.005975647718196808,0.00787130653049739,0.02630499732741276,-0.021017897844686884,0.02630499732741276,,0.02630499732741276,95.70617321840427,55.260999465482556,79.52810371723558,EXCELLENT
1994-08-24,1994-09-15,MODERATE,AGGRESSIVE,QQQ,TQQQ,15,False,1.27179865522,8.67961086295,8.67961086295,1.27179865522,0.0,0.0,0.023100905178200515,0.07636909906403289,0.07049027706708189,0.08966336531490837,,0.0,0.10261198716822473,-0.0600090590274428,0.10261198716822473,100.0,67.93267306298168,87.17306922519268,EXCELLENT
1994-09-15,1994-10-28,AGGRESSIVE,MODERATE,TQQQ,QQQ,31,False,8.67961086295,1.46204949348,1.46204949348,8.15875558234,0.06384003974054764,0.0,-0.006468277561802793,-0.025201497061776656,-0.03332287227007047,-0.039084198309865315,-0.017940422814885948,-0.0600090590274428,0.0,-0.11626827904805481,0.0,87.23199205189047,46.41191543702281,70.9039614059434,EXCELLENT
1994-10-28,1994-11-22,MODERATE,AGGRESSIVE,QQQ,TQQQ,17,False,1.46204949348,8.48086766591,8.79636097908,1.33620764054,0.09417836653676326,-0.03586634449408366,0.008349754679605859,-0.02278048142592204,-0.07689039763108241,-0.05705143920364886,,-0.0860722249836211,0.008349754679605859,-0.02931124009978625,0.008349754679605859,81.16432669264735,38.58971215927023,64.1344808792965,GOOD
1994-11-22,1995-01-13,AGGRESSIVE,MODERATE,TQQQ,QQQ,35,False,8.48086766591,1.38773345441,1.38773345441,8.2322829175,0.030196332038293416,0.0,-0.0019177680422225452,0.014777591347612695,0.017274408089031246,-0.005557307046476945,-0.00048538044008727965,-0.02931124009978625,0.028037885698394938,-0.07065363018987358,0.028037885698394938,93.96073359234131,53.45488161780625,77.75839280252728,EXCELLENT
1995-01-13,1995-05-30,MODERATE,AGGRESSIVE,QQQ,TQQQ,94,False,1.38773345441,10.2638127451,10.7121126588,1.28968504812,0.07602507793117952,-0.041849813195506624,0.022647237998136838,0.06342415682226266,-0.006683243392689664,-0.030791147265500363,0.13800273413558495,-0.07065363018987358,0.13800273413558495,0.0,0.13800273413558495,84.7949844137641,77.60054682711699,81.91720937910526,GOOD
1995-05-30,1995-06-20,AGGRESSIVE,MODERATE,TQQQ,QQQ,15,False,10.2638127451,2.87915158251,2.87915158251,10.2638127451,0.0,0.0,0.012479658288889972,0.021901680972046034,0.02700893067562493,0.048125011227997394,,0.0,0.10038064050728779,-0.06897685030076406,0.10038064050728779,100.0,59.625002245599475,83.85000089823978,EXCELLENT
1995-06-20,1995-06-27,MODERATE,AGGRESSIVE,QQQ,TQQQ,5,True,2.87915158251,11.2362995857,11.6244338573,2.81301494289,0.023510945004811434,-0.0333895204157626,-0.022970877956464797,0.025650493565058108,,,,-0.022970877956464797,0.03418615040900108,0.0,0.03418615040900108,95.29781099903771,,,EXCELLENT
1995-06-27,1995-07-11,AGGRESSIVE,MODERATE,TQQQ,QQQ,9,False,11.2362995857,3.23831638,3.41110029104,11.2362995857,0.0,-0.050653424495859745,0.005315641501407953,0.01928098120271904,0.029419045521062115,,,0.0,0.08654881797897662,-0.10491257927985409,0.08654881797897662,100.0,55.883809104212425,82.35352364168497,EXCELLENT
1995-07-11,1995-09-26,MODERATE,DEFENSIVE,QQQ,TLT,54,False,,12.3568658877,12.9307754175,,,-0.044383226161618494,,,,,,,,-0.05833524670017842,,91.1233547676763,61.66704934003569,79.34083259662006,EXCELLENT
1995-09-26,1995-10-04,DEFENSIVE,MODERATE,TLT,QQQ,6,False,12.3568658877,,,12.1944639775,0.013317675176182098,,-0.007842447031529365,0.0073972451130173145,-0.013142645689928067,,,-0.013142645689928067,0.025243463418219703,,0.025243463418219703,97.33646496476358,47.371470862014384,77.35046732366389,EXCELLENT
1995-10-04,1995-10-11,MODERATE,DEFENSIVE,QQQ,TLT,5,True,,12.0060258135,12.6687959797,,,-0.05231516611854803,,,,,,,,0.0,,89.5369667762904,50.0,73.72218006577424,EXCELLENT
1995-10-11,1995-10-12,DEFENSIVE,MODERATE,TLT,QQQ,1,True,12.0060258135,,,12.0060258135,0.0,,,,,,,0.0,0.0,,0.0,100.0,,,EXCELLENT
1995-10-12,1996-02-05,MODERATE,DEFENSIVE,QQQ,TLT,79,False,,13.0857162287,13.0857162287,,,0.0,,,,,,,,-0.022845602791258246,,100.0,54.56912055825165,81.82764822330066,EXCELLENT
1996-02-05,1996-04-12,DEFENSIVE,MODERATE,TLT,QQQ,47,False,13.0857162287,,,12.7867651535,0.023379726741768803,,0.006052540336026091,0.01351037595575022,0.01591511025917214,0.0021302470275843532,0.0005073818340517455,-0.022845602791258246,0.04529701283755294,,0.04529701283755294,95.32405465164624,53.18302205183443,78.46764161172152,EXCELLENT
1996-04-12,1996-05-02,MODERATE,AGGRESSIVE,QQQ,TQQQ,14,False,3.06322144957,13.9562076827,14.3097293459,3.06322144957,0.0,-0.02470498600319715,0.029397707721275257,0.07574974384648958,0.1385087854583804,0.3235218454608022,,0.0,0.3614350669408566,0.0,0.3614350669408566,100.0,100.0,100.0,EXCELLENT
1996-05-02,1996-05-23,AGGRESSIVE,MODERATE,TQQQ,QQQ,15,False,13.9562076827,4.46718215508,4.55178023215,13.9562076827,0.0,-0.018585712129172927,0.006600604268320653,0.006203958544363619,0.008806896263972686,0.058570730185770525,,0.0,0.05886159255986878,-0.12828279875230142,0.05886159255986878,100.0,61.71414603715411,84.68565841486165,EXCELLENT
1996-05-23,1996-07-01,MODERATE,AGGRESSIVE,QQQ,TQQQ,26,False,4.46718215508,14.5962200322,14.5962200322,3.89411952569,0.14716102718712998,0.0,-0.014283773041902537,-0.06560088346447834,-0.002533357511990131,-0.010575937579862082,-0.096928283082794,-0.12828279875230142,0.025874184800939615,-0.12924721095860703,0.025874184800939615,70.56779456257401,49.49332849760197,62.1380081365852,GOOD
1996-07-01,1996-07-05,AGGRESSIVE,MODERATE,TQQQ,QQQ,3,True,14.5962200322,3.73499023678,4.27643817845,14.3149308655,0.019650054152753782,-0.12661189501077952,-0.010050616788207511,,,,,-0.019271370675384647,0.0,-0.2674873778308211,0.0,96.06998916944924,,,EXCELLENT
1996-07-05,1996-07-17,MODERATE,DEFENSIVE,QQQ,TLT,8,False,,13.4102531628,14.4495190181,,,-0.07192390653267955,,,,,,,,-0.052240166669137444,,85.61521869346409,60.44803333382749,75.54834454960945,EXCELLENT
1996-07-17,1996-07-23,DEFENSIVE,MODERATE,TLT,QQQ,4,True,13.4102531628,,,13.2555057686,0.011674197642957518,,0.019697437609361712,-0.011539483432666864,,,,-0.011539483432666864,0.019697437609361712,,0.019697437609361712,97.6651604714085,,,EXCELLENT
1996-07-23,1996-07-26,MODERATE,DEFENSIVE,QQQ,TLT,3,True,,13.4539027908,13.6744007878,,,-0.01612487453173983,,,,,,,,-0.020342966398356643,,96.77502509365203,54.068593279671326,79.69245236805975,EXCELLENT
1996-07-26,1996-07-29,DEFENSIVE,MODERATE,TLT,QQQ,1,True,13.4539027908,,,13.4539027908,0.0,,,,,,,0.0,0.0,,0.0,100.0,,,EXCELLENT
1996-07-29,1996-08-13,MODERATE,DEFENSIVE,QQQ,TLT,11,False,,14.2110742848,14.493379795,,,-0.01947823862984599,,,,,,,,-0.025202413520776346,,96.1043522740308,55.040482704155266,79.67880444608059,EXCELLENT
1996-08-13,1997-03-07,DEFENSIVE,MODERATE,TLT,QQQ,143,False,14.2110742848,,,13.8529209141,0.025853996635139875,,0.012053052307467338,0.004728847802299985,-0.009350373211554186,0.014790313173213887,0.008837105428005643,-0.025202413520776346,0.018670244330774244,,0.018670244330774244,94.82920067297202,52.95806263464278,78.08074545764032,EXCELLENT
1997-03-07,1997-03-26,MODERATE,DEFENSIVE,QQQ,TLT,13,False,,17.6995731677,17.830670428,,,-0.007352346106635266,,,,,,,,-0.06050636406613208,,98.52953077867295,62.101272813226416,83.95822759249432,EXCELLENT
1997-03-26,1997-03-31,DEFENSIVE,MODERATE,TLT,QQQ,2,True,17.6995731677,,,17.3676634986,0.019110784195395913,,-0.01875241091721369,,,,,-0.01875241091721369,0.0,,0.0,96.17784316092082,,,EXCELLENT
1997-03-31,1997-04-04,MODERATE,DEFENSIVE,QQQ,TLT,4,True,,17.4446108123,17.6995731677,,,-0.01440500022143365,,,,,,,,-0.03947185998064762,,97.11899995571326,57.89437199612952,81.42914877187977,EXCELLENT
1997-04-04,1997-04-11,DEFENSIVE,MODERATE,TLT,QQQ,5,True,17.4446108123,,,17.2537907043,0.011059604887431629,,0.012042127758555843,0.007672997777951052,,,,-0.01093862798391898,0.021822427906020403,,0.021822427906020403,97.78807902251367,,,EXCELLENT
1997-04-11,1997-05-23,MODERATE,DEFENSIVE,QQQ,TLT,30,False,,20.3382174692,20.3382174692,,,0.0,,,,,,,,-0.03875746485126985,,100.0,57.75149297025397,83.10059718810159,EXCELLENT
1997-05-23,1997-10-24,DEFENSIVE,MODERATE,TLT,QQQ,107,False,20.3382174692,,,19.5499597205,0.04032017252053155,,0.02661129005133467,0.011924908324305594,-0.00044632788560494685,-0.004583374238237403,0.010245482732966327,-0.03875746485126985,0.03145158069377074,,0.03145158069377074,91.9359654958937,52.04909654659326,75.98121791617352,EXCELLENT
1997-10-24,1997-10-28,MODERATE,DEFENSIVE,QQQ,TLT,2,True,,22.1807048613,23.9742516394,,,-0.0748113770171841,,,,,,,,-0.06384373427513357,,85.03772459656318,62.76874685502671,76.1301334999486,EXCELLENT
1997-10-28,1997-10-29,DEFENSIVE,MODERATE,TLT,QQQ,1,True,22.1807048613,,,22.1807048613,0.0,,,,,,,0.0,0.0,,0.0,100.0,,,EXCELLENT
1997-10-29,1998-01-06,MODERATE,DEFENSIVE,QQQ,TLT,46,False,,21.3129505201,21.548853938,,,-0.01094737653235478,,,,,,,,-0.04980983348592771,,97.81052469352905,59.961966697185545,82.67110149499165,EXCELLENT
1998-01-06,1998-03-31,DEFENSIVE,MODERATE,TLT,QQQ,58,False,21.3129505201,,,20.2513560036,0.052420910299107115,,-0.01501352725884797,-0.04980983348592771,-0.011209070024100987,0.020022780965851972,0.11723505522820865,-0.04980983348592771,0.11723505522820865,,0.11723505522820865,89.51581794017858,73.44701104564173,83.08829518236384,EXCELLENT
1998-03-31,1998-04-07,MODERATE,AGGRESSIVE,QQQ,TQQQ,5,True,13.5047962944,25.0247099085,26.1159812868,12.951937103,0.042685444424521046,-0.041785578198877404,0.018493897764571665,0.030491587338548287,,,,-0.04093798820417993,0.030491587338548287,0.0,0.030491587338548287,91.46291111509579,,,EXCELLENT
1998-04-07,1998-08-27,AGGRESSIVE,MODERATE,TQQQ,QQQ,99,False,25.0247099085,14.6652748733,18.1110571826,25.0247099085,0.0,-0.19025848544117552,0.007546269606740097,0.017605077409922787,0.04160415041799803,0.09192598623565384,0.050690958242401996,0.0,0.09192598623565384,-0.37145493425137543,0.09192598623565384,100.0,68.38519724713078,87.35407889885231,EXCELLENT
1998-08-27,1998-09-01,MODERATE,DEFENSIVE,QQQ,TLT,3,True,,25.7009990908,29.6414726777,,,-0.13293784791821472,,,,,,,,-0.007965697923910109,,73.41243041635705,51.59313958478202,64.68471408372704,GOOD
1998-09-01,1998-09-02,DEFENSIVE,MODERATE,TLT,QQQ,1,True,25.7009990908,,,25.7009990908,0.0,,,,,,,0.0,0.0,,0.0,100.0,,,EXCELLENT
1998-09-02,1998-11-10,MODERATE,DEFENSIVE,QQQ,TLT,48,False,,31.2396089477,31.2396089477,,,0.0,,,,,,,,-0.008321597115226953,,100.0,51.66431942304539,80.66572776921817,EXCELLENT
1998-11-10,1998-12-04,DEFENSIVE,MODERATE,TLT,QQQ,17,False,31.2396089477,,,30.979645508,0.008391427191536627,,0.002178205105381581,-0.008321597115226953,0.014220679418354587,0.06986582360726667,,-0.008321597115226953,0.10482031624922405,,0.10482031624922405,98.32171456169267,63.97316472145334,84.58229462559694,EXCELLENT
1998-12-04,1999-01-06,MODERATE,DEFENSIVE,QQQ,TLT,21,False,,41.5130242617,41.5130242617,,,0.0,,,,,,,,-0.029492190819003894,,100.0,55.898438163800776,82.35937526552031,EXCELLENT
1999-01-06,1999-01-26,DEFENSIVE,MODERATE,TLT,QQQ,13,False,41.5130242617,,,40.2887142287,0.030388411654195924,,0.0012141029904801925,0.018423467564747442,-0.007799306920134752,-0.0011943728789168828,,-0.029492190819003894,0.03545478398108237,,0.03545478398108237,93.92231766916082,49.76112542421662,76.25784077118314,EXCELLENT
1999-01-26,1999-07-08,MODERATE,DEFENSIVE,QQQ,TLT,113,False,,49.9261360168,49.9261360168,,,0.0,,,,,,,,-0.07080673452699093,,100.0,64.16134690539819,85.66453876215928,EXCELLENT
1999-07-08,1999-10-15,DEFENSIVE,MODERATE,TLT,QQQ,70,False,49.9261360168,,,46.3910293579,0.07620237592977652,,0.010020983605293354,0.0,0.026371355328939527,-0.0346784575621355,-0.05603920647811689,-0.07080673452699093,0.0358652082848443,,0.0358652082848443,84.7595248140447,55.27427106578791,72.96542331474198,GOOD
1999-10-15,1999-11-05,MODERATE,DEFENSIVE,QQQ,TLT,15,False,,57.4571762085,57.4571762085,,,0.0,,,,,,,,0.0,,100.0,50.0,80.0,EXCELLENT
1999-11-05,2000-01-04,DEFENSIVE,MODERATE,TLT,QQQ,40,False,57.4571762085,,,57.4571762085,0.0,,0.020164779650772235,0.02658136798539812,0.058661985941825145,0.11136588675155568,0.17094441435405883,0.0,0.17094441435405883,,0.17094441435405883,100.0,84.18888287081177,93.67555314832471,EXCELLENT
2000-01-04,2000-08-24,MODERATE,DEFENSIVE,QQQ,TLT,162,False,,83.052230835,83.052230835,,,0.0,,,,,,,,-0.1097019591177607,,100.0,71.94039182355215,88.77615672942086,EXCELLENT
2000-08-24,2000-09-19,DEFENSIVE,MODERATE,TLT,QQQ,17,False,83.052230835,,,75.731842041,0.09666196670664462,,-0.005390222254106569,0.004438341908386878,0.031071700418581427,-0.034876649646589875,,-0.0881419887268704,0.041217558030450574,,0.041217558030450574,80.66760665867108,56.21434008371629,70.88630002868916,GOOD
2000-09-19,2003-04-22,MODERATE,DEFENSIVE,QQQ,TLT,647,False,,23.1134853363,23.1134853363,,,0.0,,,,,,,,-0.017499327246193075,,100.0,53.49986544923861,81.39994617969545,EXCELLENT
2003-04-22,2003-08-27,DEFENSIVE,MODERATE,TLT,QQQ,89,False,23.1134853363,38.25949478149414,38.563743591308594,22.7090148926,0.017811007902055698,-0.007889504012857929,0.007291145668772536,-0.017499327246193075,0.010936429678262805,0.04301813077660088,0.012395649060768843,-0.017499327246193075,0.05431996357676905,-0.006789672503017874,0.05431996357676905,96.43779841958886,58.60362615532018,81.30412951388138,EXCELLENT
2003-08-27,2003-09-16,MODERATE,AGGRESSIVE,QQQ,TQQQ,13,False,0.401982392428,28.986656189,29.0709228516,0.401982392428,0.0,-0.0028986579831041803,0.030314235398214873,0.09728910802729951,0.12630982760543263,0.0660706112140399,,0.0,0.1580604813465314,-0.057558169987649066,0.1580604813465314,100.0,75.26196552108652,90.1047862084346,EXCELLENT
2003-09-16,2004-01-07,AGGRESSIVE,MODERATE,TQQQ,QQQ,78,False,28.986656189,0.568702337534,0.568702337534,27.3182373047,0.06107344576046114,0.0,-0.004070181683969998,0.005232160119163831,0.003487975144175648,-0.057558169987649066,0.027034176208202032,-0.057558169987649066,0.027034176208202032,-0.10788497602110159,0.027034176208202032,87.78531084790777,55.40683524164041,74.83392060540083,EXCELLENT
2004-01-07,2004-02-11,MODERATE,AGGRESSIVE,QQQ,TQQQ,24,False,0.568702337534,31.678604126,31.678604126,0.507347899486,0.12093168831517564,0.0,0.0323101832017727,0.049897068923694166,0.03753594649806358,0.02826970398031614,-0.10360358941988257,-0.10788497602110159,0.07670852797469285,-0.0721129368741682,0.07670852797469285,75.81366233696487,57.50718929961272,68.491073122024,GOOD
2004-02-11,2004-03-01,AGGRESSIVE,MODERATE,TQQQ,QQQ,12,False,31.678604126,0.531588228002,0.552887385771,30.6501941681,0.033553130275773,-0.038523501018744355,-0.00878117460269301,-0.003726176962548622,-0.015965958108137945,-0.0242151829717272,,-0.03246386595222295,0.0,-0.23032725235318674,0.0,93.2893739448454,46.80680837837241,74.6963477182562,EXCELLENT
2004-03-01,2004-03-15,MODERATE,AGGRESSIVE,QQQ,TQQQ,10,False,0.531588228002,29.4110336304,31.2318229675,0.441426466494,0.20425091912613147,-0.05829916937588708,-0.03293831375990164,-0.01752365015683721,-0.09717900075056907,,,-0.16960827339400897,0.0,-0.024649263820862855,0.0,59.149816174773704,30.564199849886187,47.71556964481869,FAIR
2004-03-15,2004-03-19,AGGRESSIVE,MODERATE,TQQQ,QQQ,4,True,29.4110336304,0.435698371174,0.513333620743,29.4110336304,0.0,-0.15123741448423078,0.0017197311606118593,0.012897854011764576,,,,0.0,0.01748363083943083,-0.060935272811468155,0.01748363083943083,100.0,,,EXCELLENT
2004-03-19,2004-03-25,MODERATE,DEFENSIVE,QQQ,TLT,4,True,42.9786262512207,29.7903728485,29.9336719513,42.9786262512207,0.0,-0.004787220994241448,0.006083473889036073,0.007299014812735205,,,,0.0,0.007851622172424966,-0.0033956014989954264,0.007851622172424966,99.0425558011517,50.67912029979909,79.69718160061066,EXCELLENT
2004-03-25,2004-05-28,DEFENSIVE,MODERATE,TLT,QQQ,45,False,29.7903728485,39.80366897583008,39.913856506347656,29.6892166138,0.0034071708935889955,-0.0027606335283600902,-0.0033956014989954264,0.016128706966626494,0.023203095513952388,0.04527415312520722,0.05291388835300759,-0.0033956014989954264,0.05970541148126518,-0.023532595835673797,0.05970541148126518,99.3185658212822,60.582777670601516,83.82425056100993,EXCELLENT
2004-05-28,2004-06-23,MODERATE,AGGRESSIVE,QQQ,TQQQ,16,False,0.48649261403,31.2908363342,31.2908363342,0.465382083327,0.04536171773541775,0.0,0.004578417541736046,-0.04339332210642399,0.049072756441740806,0.020026132259839846,,-0.04339332210642399,0.05843899660981666,-0.07327546218040781,0.05843899660981666,90.92765645291645,59.81455128834816,78.48241438708914,EXCELLENT
2004-06-23,2004-07-21,AGGRESSIVE,MODERATE,TQQQ,QQQ,19,False,31.2908363342,0.402815485116,0.466155019891,29.1665649414,0.07283241605818103,-0.13587654765534973,-0.001885963228010601,-0.002694172226641922,0.01670272184539745,-0.03825445386679227,,-0.06788797110156597,0.01670272184539745,-0.17951597981437128,0.01670272184539745,85.43351678836379,53.34054436907949,72.59632782065007,EXCELLENT
2004-07-21,2004-08-18,MODERATE,DEFENSIVE,QQQ,TLT,20,False,40.819698333740234,28.5343475342,28.8631076813,40.26937484741211,0.013666054872055966,-0.011390323964075466,0.0014188872272020703,0.0,-0.013364435525766272,0.006292334504509389,,-0.01348181169367546,0.030988616661117074,-0.005318105031773324,0.030988616661117074,97.72193520718491,51.063621006354666,79.05860952685282,EXCELLENT
2004-08-18,2004-11-12,DEFENSIVE,MODERATE,TLT,QQQ,61,False,28.5343475342,43.111263275146484,43.70197296142578,28.382598877,0.005346538484992891,-0.013516773871987353,-0.005318105031773324,0.007090071425587041,0.02067958109757928,0.012407641708844341,0.0434265120243178,-0.005318105031773324,0.05258473540709496,-0.016126113682434107,0.05258473540709496,98.93069230300142,58.68530240486356,82.83253634374628,EXCELLENT
2004-11-12,2005-02-04,MODERATE,AGGRESSIVE,QQQ,TQQQ,57,False,0.543127426328,32.1266937256,32.1266937256,0.532488939789,0.01997879344351361,0.0,0.004663637854057212,0.02307837554023706,-0.015236088133031678,0.03752383222439626,0.1133773253623398,-0.01958745963341446,0.1133846844033426,-0.02278201149023873,0.1133846844033426,96.00424131129728,72.67546507246796,86.67273081576555,EXCELLENT
2005-02-04,2005-03-15,AGGRESSIVE,MODERATE,TQQQ,QQQ,26,False,32.1266937256,0.47829596445,0.522254578095,31.39478302,0.023313131520410257,-0.08417085361959953,-0.002119138143547916,-0.016954055062503248,-0.0013244168124930678,-0.010596521892594524,0.008212001681635162,-0.02278201149023873,0.009801444343744636,-0.08833644615543645,0.009801444343744636,95.33737369591795,51.64240033632703,77.85938435208158,EXCELLENT
2005-03-15,2005-04-21,MODERATE,AGGRESSIVE,QQQ,TQQQ,26,False,0.47829596445,30.3139724731,31.4373550415,0.43604499874,0.09689588421398887,-0.035734003923581836,-0.03190854762604933,-0.036065074502219185,-0.07425730434677935,-0.025431371629880406,-0.08833644615543645,-0.08833644615543645,0.0,-0.024424768448180978,0.0,80.62082315720222,44.91372567402392,66.3379841639309,GOOD
2005-04-21,2005-05-19,AGGRESSIVE,MODERATE,TQQQ,QQQ,20,False,30.3139724731,0.482842965666,0.482842965666,29.5735607147,0.02503627363450911,0.0,-0.014879522451247906,-0.01600207433817713,-0.024424768448180978,0.003930724813639541,,-0.024424768448180978,0.044357001326474244,-0.008386075028378848,0.044357001326474244,94.99274527309818,50.78614496272791,77.31010514895007,EXCELLENT
2005-05-19,2005-10-24,MODERATE,AGGRESSIVE,QQQ,TQQQ,109,False,0.482842965666,33.3574523926,33.3574523926,0.478793808329,0.008456996031614539,0.0,0.012746579899969745,0.03685061305482118,0.05266520564491395,0.04083359791066821,0.026399740434072116,-0.008386075028378848,0.09231720080775485,-0.028855997447620907,0.09231720080775485,98.30860079367709,60.53304112898279,83.19837692779936,EXCELLENT
2005-10-24,2005-11-17,AGGRESSIVE,MODERATE,TQQQ,QQQ,18,False,33.3574523926,0.604253856086,0.604253856086,32.3948898315,0.029713407457370833,0.0,-0.0038307700329163197,-0.028855997447620907,-0.007405377763644805,0.024769865614296505,,-0.028855997447620907,0.041113363711319684,-0.010569731556816064,0.041113363711319684,94.05731850852584,54.9539731228593,78.41598035425923,EXCELLENT
2005-11-17,2006-01-06,MODERATE,AGGRESSIVE,QQQ,TQQQ,33,False,0.604253856086,36.4435997009,36.4435997009,0.597867055035,0.010682644238736438,0.0,0.005787696859153035,0.03073938170343493,0.04253758532298346,0.05376749124688418,0.018864275291240684,-0.010569731556816064,0.05376749124688418,-0.04381486058745632,0.05376749124688418,97.86347115225271,60.75349824937683,83.01948199110237,EXCELLENT
2006-01-06,2006-01-20,AGGRESSIVE,MODERATE,TQQQ,QQQ,9,False,36.4435997009,0.591945395648,0.687453189728,36.042263031,0.011135168442525822,-0.13892988716481036,0.003982426911478099,0.012417685676336276,0.007028649587369706,,,-0.011012541933120068,0.012417685676336276,-0.06344537909596781,0.012417685676336276,97.77296631149484,51.40572991747394,79.22607175388649,EXCELLENT
2006-01-20,2006-02-10,MODERATE,DEFENSIVE,QQQ,TLT,15,False,47.80281066894531,34.9749145508,36.0251731873,46.75748825073242,0.022356256876063352,-0.02915346530159768,-0.0003243100033356594,-0.016020706682988606,-0.0202425621767075,-0.013068240761873184,,-0.021867384021667435,0.0,-0.011474768291916293,0.0,94.16930693968047,52.29495365838326,77.41956562716159,EXCELLENT
2006-02-10,2006-03-27,DEFENSIVE,MODERATE,TLT,QQQ,30,False,34.9749145508,46.25484848022461,46.44241714477539,34.5735855103,0.011607967023855359,-0.004038736053855074,-0.011474768291916293,0.004882388151427053,0.00610353053729229,0.018554361994435498,-0.006836914013118922,-0.011474768291916293,0.018554361994435498,-0.048571304393221104,0.018554361994435498,97.67840659522892,53.7108723988871,80.09139291669219,EXCELLENT
2006-03-27,2006-05-30,MODERATE,AGGRESSIVE,QQQ,TQQQ,44,False,0.580482427031,33.0170593262,34.3158760071,0.57233852629,0.014229167471548898,-0.03784885691483664,-0.014029538814212872,0.04837382094342102,0.04383322237873921,0.0629731797842139,0.024026342489529284,-0.014029538814212872,0.10251458813898262,-0.035973130216278904,0.10251458813898262,97.15416650569023,62.59463595684278,83.33035428615125,EXCELLENT
2006-05-30,2006-06-01,AGGRESSIVE,MODERATE,TQQQ,QQQ,2,True,33.0170593262,0.498897965834,0.498897965834,33.0170593262,0.0,0.0,0.0046578806028907405,,,,,0.0,0.0046578806028907405,-0.1796876598427104,0.0046578806028907405,100.0,,,EXCELLENT
2006-06-01,2006-08-14,MODERATE,DEFENSIVE,QQQ,TLT,51,False,44.13597106933594,31.4403324127,31.7395935059,43.88290023803711,0.005766957742675993,-0.009428636606337526,0.012902615216275226,0.0163664932869374,0.01863650585394261,0.009438045701029685,-0.002388681743615839,-0.005733890637667494,0.02556538559271493,0.0,0.02556538559271493,98.11427267873249,50.0,78.8685636072395,EXCELLENT
2006-08-14,2006-09-14,DEFENSIVE,MODERATE,TLT,QQQ,22,False,31.4403324127,46.70071029663086,46.823429107666016,31.4403324127,0.0,-0.002620884744536256,0.025291818526663956,0.05330418874079834,0.04487299613060447,0.05004037603191769,0.07914072425948371,0.0,0.07914072425948371,-0.0023996286322084392,0.07914072425948371,100.0,65.82814485189674,86.33125794075869,EXCELLENT
2006-09-14,2007-02-27,MODERATE,AGGRESSIVE,QQQ,TQQQ,112,False,0.476189716144,36.9960441589,38.9062347412,0.471870075895,0.009154300028046736,-0.0490972872344595,0.01314636518128176,-0.00902253886075266,0.014713496214775912,0.06138019787298643,0.16462481575997323,-0.009071259001514731,0.16462481575997323,-0.024079397080233322,0.16462481575997323,98.16913999439065,82.92496315199465,92.07146925743224,EXCELLENT
2007-02-27,2007-02-28,AGGRESSIVE,MODERATE,TQQQ,QQQ,1,True,36.9960441589,0.559304695697,0.648992428503,36.9960441589,0.0,-0.1381953453800353,,,,,,0.0,0.0,-0.08296358972844742,0.0,100.0,,,EXCELLENT
2007-02-28,2007-03-20,MODERATE,DEFENSIVE,QQQ,TLT,14,False,49.02159881591797,37.3536453247,37.3536453247,48.799434661865234,0.004552596881339355,0.0,-0.000635295241869005,0.006045810047345279,0.006935799229272677,0.000812717234943694,,-0.004531964673102351,0.006935799229272677,-0.001377344073189457,0.006935799229272677,100.0,50.27546881463789,80.11018752585515,EXCELLENT
2007-03-20,2007-04-03,DEFENSIVE,MODERATE,TLT,QQQ,10,False,37.3536453247,48.207794189453125,48.990455627441406,37.3021965027,0.0013792437664166268,-0.01597579422286255,0.01927444287810709,0.012390377730924218,0.009407442825068557,,,-0.001377344073189457,0.01927444287810709,-0.009888043284907666,0.01927444287810709,99.72415124671667,51.88148856501371,80.58708617403548,EXCELLENT
2007-04-03,2007-07-31,MODERATE,AGGRESSIVE,QQQ,TQQQ,82,False,0.583110900973,40.7711296082,43.1644020081,0.583048050401,0.00010779655631587559,-0.055445512703984456,0.008569001866818748,0.01828109105868614,-0.00010778493747087836,0.05506381327020793,0.14983913949337335,-0.00010778493747087836,0.1548488246323847,-0.043761795457861186,0.1548488246323847,99.97844068873682,79.96782789867467,91.97419557271196,EXCELLENT
2007-07-31,2007-08-01,AGGRESSIVE,MODERATE,TQQQ,QQQ,1,True,40.7711296082,0.699696136,0.830083844201,40.7711296082,0.0,-0.15707775679757396,,,,,,0.0,0.0,-0.15685646743517245,0.0,100.0,,,EXCELLENT
2007-08-01,2007-09-26,MODERATE,DEFENSIVE,QQQ,TLT,39,False,48.473087310791016,44.0450668335,44.0450668335,47.88896942138672,0.012197336807658221,0.0,0.0025256299141986904,0.0018373440191568058,-0.011132036702180326,-0.010099607859617388,0.012510575922789924,-0.012050354574264177,0.015265214750157075,0.0,0.015265214750157075,100.0,50.0,80.0,EXCELLENT
2007-09-26,2007-09-28,DEFENSIVE,MODERATE,TLT,QQQ,2,True,44.0450668335,49.55952453613281,50.464473724365234,44.0450668335,0.0,-0.017932401181377955,0.005066883765749264,,,,,0.0,0.005066883765749264,-0.008430592626140987,0.005066883765749264,100.0,,,EXCELLENT
2007-09-28,2007-10-19,MODERATE,AGGRESSIVE,QQQ,TQQQ,15,False,0.834530504493,45.0063018799,46.1563682556,0.834530504493,0.0,-0.024916743217994974,0.03664939480861906,0.015194797185638764,0.08195296017795073,0.12056801711176268,,0.0,0.13233258470412967,-0.07074738611265508,0.13233258470412967,100.0,74.11360342235254,89.64544136894102,EXCELLENT
2007-10-19,2007-10-23,AGGRESSIVE,MODERATE,TQQQ,QQQ,2,True,45.0063018799,0.962869046483,0.962869046483,45.0063018799,0.0,0.0,0.012013851005640674,,,,,0.0,0.012013851005640674,-0.2886969598039808,0.012013851005640674,100.0,,,EXCELLENT
2007-10-23,2008-05-02,MODERATE,DEFENSIVE,QQQ,TLT,132,False,50.667091369628906,41.9329414368,41.9329414368,50.45960998535156,0.0041118309146181975,0.0,0.0074159351920490835,0.001660057006157345,0.00498024630791849,0.006732307017714323,0.03285669090535115,-0.004094992995822833,0.03396841487255675,-0.014968338778380219,0.03396841487255675,100.0,52.99366775567604,81.19746710227042,EXCELLENT
2008-05-02,2008-06-06,DEFENSIVE,MODERATE,TLT,QQQ,24,False,41.9329414368,52.502017974853516,52.89398193359375,41.3052749634,0.015195794579655031,-0.007410369656652649,-0.002870965567284167,-0.014968338778380219,-0.011482679642822124,0.025425589099369317,0.012917389168045412,-0.014968338778380219,0.025425589099369317,-0.020824976137261086,0.025425589099369317,96.96084108406899,55.085117819873865,80.21055177839094,EXCELLENT
2008-06-06,2009-06-04,MODERATE,DEFENSIVE,QQQ,TLT,250,False,52.502017974853516,31.7310619354,31.7310619354,51.40866470336914,0.021267879214390994,0.0,0.0,-0.008815026917285751,-0.020824976137261086,-0.01046778088843281,0.02273828208187867,-0.020824976137261086,0.02273828208187867,-0.04618778970851123,0.02273828208187867,100.0,59.23755794170225,83.6950231766809,EXCELLENT
2009-06-04,2009-07-06,DEFENSIVE,MODERATE,TLT,QQQ,21,False,31.7310619354,56.809043884277344,56.9940299987793,30.2654743195,0.04842440598909503,-0.0032457103753834593,0.0010891900614722339,0.005716204076915643,0.002178259900053714,-0.025040311150556716,-0.029836293891689514,-0.04618778970851123,0.005716204076915643,-0.03952491749008702,0.005716204076915643,90.31511880218099,50.435651980010746,74.36333207331289,EXCELLENT
2009-07-06,2009-07-07,MODERATE,DEFENSIVE,QQQ,TLT,1,True,56.809043884277344,29.8590507507,31.5193252563,56.809043884277344,0.0,-0.052674811154726386,,,,,,0.0,0.0,0.0,0.0,89.46503776905472,50.0,73.67902266143284,EXCELLENT
2009-07-07,2009-07-08,DEFENSIVE,MODERATE,TLT,QQQ,1,True,29.8590507507,58.245540618896484,58.245540618896484,29.8590507507,0.0,0.0,,,,,,0.0,0.0,-0.06321289952352915,0.0,100.0,,,EXCELLENT
2009-07-08,2009-07-09,MODERATE,DEFENSIVE,QQQ,TLT,1,True,58.245540618896484,30.066576004,31.5193252563,58.245540618896484,0.0,-0.04609074719991435,,,,,,0.0,0.0,0.0,0.0,90.78185056001713,50.0,74.46911033601029,EXCELLENT
2009-07-09,2009-07-10,DEFENSIVE,MODERATE,TLT,QQQ,1,True,30.066576004,58.082637786865234,58.245540618896484,30.066576004,0.0,-0.0027968292559448216,,,,,,0.0,0.0,-0.060585517615738604,0.0,100.0,,,EXCELLENT
2009-07-10,2009-07-13,MODERATE,DEFENSIVE,QQQ,TLT,1,True,58.082637786865234,30.7756748199,31.5193252563,58.082637786865234,0.0,-0.023593475759807414,,,,,,0.0,0.0,0.0,0.0,95.28130484803852,50.0,77.16878290882312,EXCELLENT
2009-07-13,2009-08-05,DEFENSIVE,MODERATE,TLT,QQQ,17,False,30.7756748199,55.07435607910156,57.22547149658203,30.7756748199,0.0,-0.03759017376744467,0.0036524847970942353,0.049732707453430836,0.06546713647030078,0.10564732010027655,,0.0,0.12503534947710704,-0.0049486708559678405,0.12503534947710704,100.0,71.12946402005531,88.45178560802212,EXCELLENT
2009-08-05,2009-08-17,MODERATE,AGGRESSIVE,QQQ,TQQQ,8,False,0.163455991752,33.2747421265,34.6669578552,0.15730228822,0.03912024168010553,-0.040159731768652174,-0.026392779657446908,-0.008474918062971959,0.007336277876061947,,,-0.03764746379769657,0.02414193461924108,0.0,0.02414193461924108,92.17595166397889,51.46725557521239,75.89247322847228,EXCELLENT
2009-08-17,2009-08-31,AGGRESSIVE,MODERATE,TQQQ,QQQ,10,False,33.2747421265,0.165286063535,0.170935742814,33.2747421265,0.0,-0.033051479965472086,0.014292930207901788,0.033263959377719754,0.04599752326498319,,,0.0,0.050935401971160754,-0.057142099563645465,0.050935401971160754,100.0,59.19950465299664,83.67980186119865,EXCELLENT
2009-08-31,2009-09-01,MODERATE,DEFENSIVE,QQQ,TLT,1,True,58.50217056274414,33.9665222168,34.9696044922,58.50217056274414,0.0,-0.02868440435532338,,,,,,0.0,0.0,-0.0007641406451427413,0.0,94.26311912893533,50.15282812902855,76.61900272897262,EXCELLENT
2009-09-01,2009-09-02,DEFENSIVE,MODERATE,TLT,QQQ,1,True,33.9665222168,59.211143493652344,59.211143493652344,33.9665222168,0.0,0.0,,,,,,0.0,0.0,-0.03108966549468406,0.0,100.0,,,EXCELLENT
2009-09-02,2009-09-03,MODERATE,DEFENSIVE,QQQ,TLT,1,True,59.211143493652344,34.1654052734,34.9696044922,59.211143493652344,0.0,-0.0229970922027265,,,,,,0.0,0.0,0.0,0.0,95.40058155945471,50.0,77.24034893567281,EXCELLENT
2009-09-03,2009-09-04,DEFENSIVE,MODERATE,TLT,QQQ,1,True,34.1654052734,57.84416580200195,59.211143493652344,34.1654052734,0.0,-0.023086493706998557,,,,,,0.0,0.0,-0.008192303347360208,0.0,100.0,,,EXCELLENT
2009-09-04,2009-09-08,MODERATE,DEFENSIVE,QQQ,TLT,1,True,57.84416580200195,35.2290115356,35.2290115356,57.84416580200195,0.0,0.0,,,,,,0.0,0.0,0.0,0.0,100.0,50.0,80.0,EXCELLENT
2009-09-08,2009-09-22,DEFENSIVE,MODERATE,TLT,QQQ,10,False,35.2290115356,58.433509826660156,58.74943161010742,35.2290115356,0.0,-0.005377444083951133,0.008591376746240664,0.01914689584515794,0.02626400178344479,,,0.0,0.04593065524035134,-0.012523833081537927,0.04593065524035134,100.0,55.25280035668896,82.10112014267558,EXCELLENT
2009-09-22,2009-10-06,MODERATE,AGGRESSIVE,QQQ,TQQQ,10,False,0.200287937884,36.3017692566,36.9163322449,0.175538179803,0.14099358959273567,-0.016647455229924724,-0.01708811800729726,-0.06833281748063436,-0.030115613984170286,,,-0.12357088670678829,0.0,-0.023366351449820244,0.0,71.80128208145287,43.97687720316594,60.67152013013809,GOOD
2009-10-06,2009-10-22,AGGRESSIVE,MODERATE,TQQQ,QQQ,12,False,36.3017692566,0.20861232916,0.20861232916,36.3017692566,0.0,0.0,0.0028618292559146052,0.012876235078129739,0.015260147046394446,0.03052050425885433,,0.0,0.03052050425885433,-0.15977529408358193,0.03052050425885433,100.0,56.104100851770866,82.44164034070835,EXCELLENT
2009-10-22,2009-10-30,MODERATE,AGGRESSIVE,QQQ,TQQQ,6,False,0.20861232916,35.4535293579,37.4876098633,0.180609668767,0.15504518990688987,-0.0542600745370897,-0.016293426178052295,-0.06860891572243832,-0.08921307262106215,,,-0.1342330077314018,0.0,0.0,0.0,68.99096201862203,32.15738547578757,54.257531401488244,FAIR
2009-10-30,2009-12-08,AGGRESSIVE,MODERATE,TQQQ,QQQ,26,False,35.4535293579,0.208710358109,0.216682832997,35.4535293579,0.0,-0.03679329265604714,0.004150666079375975,0.009032884905960215,0.04003925142599907,0.07446300972886744,0.0634763765176043,0.0,0.08886724991451223,0.0,0.08886724991451223,100.0,64.89260194577349,85.95704077830939,EXCELLENT
2009-12-08,2010-01-22,MODERATE,AGGRESSIVE,QQQ,TQQQ,30,False,0.208710358109,38.2871208191,40.3939437866,0.208710358109,0.0,-0.05215690200071288,0.028621597313729152,0.03235680270584895,0.0424326534784385,0.11881293519725267,0.18518489378862002,0.0,0.20784916662039588,-0.03487298015717921,0.20784916662039588,100.0,87.036978757724,94.8147915030896,EXCELLENT
2010-01-22,2010-01-29,AGGRESSIVE,MODERATE,TQQQ,QQQ,5,True,38.2871208191,0.195294631988,0.254053865032,37.7582435608,0.01400693486836535,-0.23128651491524765,0.0033966211540024105,0.01222847381008707,,,,-0.013813450763217605,0.01222847381008707,-0.017542181401127843,0.01222847381008707,97.19861302632692,,,EXCELLENT
2010-01-29,2010-02-16,MODERATE,DEFENSIVE,QQQ,TLT,11,False,56.82069396972656,38.4258460999,38.4258460999,55.48331832885742,0.024104103380088615,0.0,-0.00907661284800132,-0.01777531882074257,-5.464846268632417e-05,-0.01951406640687836,,-0.023536770627646364,0.0012505367499497932,-0.003610207578496616,0.0012505367499497932,100.0,50.722041515699324,80.28881660627974,EXCELLENT
2010-02-16,2010-02-26,DEFENSIVE,MODERATE,TLT,QQQ,8,False,38.4258460999,56.62617111206055,56.62617111206055,38.2871208191,0.0036232884017437517,0.0,0.005640763199761034,0.011507375331447856,-0.003610207578496616,,,-0.003610207578496616,0.011958576823665412,-0.029328807034607607,0.011958576823665412,99.27534231965124,49.277958484300676,79.27638878551102,EXCELLENT
2010-02-26,2010-05-04,MODERATE,AGGRESSIVE,QQQ,TQQQ,46,False,0.221028447151,42.0340652466,43.8480529785,0.221028447151,0.0,-0.04136985815058769,0.04289411262760656,0.05499148922987396,0.11378498221008826,0.18087020750179095,0.2328384986745231,0.0,0.2519888130279886,-0.08734240144657346,0.2519888130279886,100.0,96.56769973490462,98.62707989396185,EXCELLENT
2010-05-04,2010-05-06,AGGRESSIVE,MODERATE,TQQQ,QQQ,2,True,42.0340652466,0.245931014419,0.316406100988,41.8170967102,0.005188512677090751,-0.22273618096786574,-0.005161730970514533,,,,,-0.005161730970514533,0.0,-0.16134940840114864,0.0,98.96229746458185,,,EXCELLENT
2010-05-06,2010-05-10,MODERATE,DEFENSIVE,QQQ,TLT,2,True,60.41173553466797,41.461227417,43.752571106,59.65655517578125,0.012658799299784196,-0.05237049231801083,-0.012500557254365718,,,,,-0.012500557254365718,0.0,-0.07494241321051642,0.0,89.52590153639784,64.98848264210329,79.71093397868002,EXCELLENT
2010-05-10,2010-05-11,DEFENSIVE,MODERATE,TLT,QQQ,1,True,41.461227417,58.270912170410156,60.41173553466797,41.461227417,0.0,-0.03543721009354672,,,,,,0.0,0.0,-0.0076053149612742565,0.0,100.0,,,EXCELLENT
2010-05-11,2010-07-28,MODERATE,DEFENSIVE,QQQ,TLT,54,False,58.270912170410156,40.1228866577,40.462677002,57.82774353027344,0.007663599045754088,-0.008397623921007624,-0.0076053149612742565,0.016280980427969993,0.028062691771132187,0.055805063968990654,0.052612146219698674,-0.0076053149612742565,0.0590618754242942,-0.05211726136605621,0.0590618754242942,98.32047521579848,60.42345227321124,83.16166603876358,EXCELLENT
2010-07-28,2010-08-20,DEFENSIVE,MODERATE,TLT,QQQ,17,False,40.1228866577,66.82791137695312,66.90352630615234,38.9640617371,0.029740865529340077,-0.0011302084265812917,-0.007383266015411505,0.013463334288694284,0.019326345549745882,-0.014115646225352219,,-0.02888189303242983,0.02236675998554505,-0.042237091044594166,0.02236675998554505,94.05182689413198,53.865269109949175,77.97720378045885,EXCELLENT
2010-08-20,2010-09-14,MODERATE,DEFENSIVE,QQQ,TLT,16,False,66.82791137695312,41.3426856995,41.3426856995,64.67533874511719,0.03328274228789341,0.0,0.00018825774025876818,0.012919915225792833,-0.006506251435622223,-0.02029222076547954,,-0.032210682445154126,0.02376454288189378,0.0,0.02376454288189378,100.0,50.0,80.0,EXCELLENT
2010-09-14,2010-09-24,DEFENSIVE,MODERATE,TLT,QQQ,8,False,41.3426856995,65.42122650146484,66.3125,41.3426856995,0.0,-0.013440505161698924,0.006322445358288853,0.013748626671993724,0.03128180726090668,,,0.0,0.03149310598647781,-0.027594228311473623,0.03149310598647781,100.0,56.25636145218134,82.50254458087254,EXCELLENT
2010-09-24,2010-12-01,MODERATE,AGGRESSIVE,QQQ,TQQQ,47,False,0.27900275588,46.4524116516,46.4524116516,0.260362327099,0.0715941856438862,0.0,-0.011447610543939168,-0.016946565388169854,-0.03327241542371251,0.006564884731059095,0.12261344772419958,-0.0668109127531964,0.12261344772419958,0.0,0.12261344772419958,85.68116287122277,74.52268954483992,81.21777354066963,EXCELLENT
2010-12-01,2010-12-16,AGGRESSIVE,MODERATE,TQQQ,QQQ,11,False,46.4524116516,0.365790098906,0.365790098906,46.4524116516,0.0,0.0,0.010152070000950308,0.012407921315752635,0.016732389106717704,0.018236344729603005,,0.0,0.02444055174820825,0.0,0.02444055174820825,100.0,53.6472689459206,81.45890757836824,EXCELLENT
2010-12-16,2011-03-03,MODERATE,AGGRESSIVE,QQQ,TQQQ,52,False,0.365790098906,50.9898147583,51.5236167908,0.365790098906,0.0,-0.010360336982308205,0.0030458993431812242,0.02233026738949273,0.015630836835387685,0.0007433672748748954,0.14454916819546715,0.0,0.14454916819546715,-0.0707053976189067,0.14454916819546715,100.0,78.90983363909342,91.56393345563737,EXCELLENT
2011-03-03,2011-04-06,AGGRESSIVE,MODERATE,TQQQ,QQQ,24,False,50.9898147583,0.416560173035,0.422005921602,47.3845596313,0.07608501915080668,-0.012904436379298057,-0.005148176725966014,-0.014587248854025847,-0.03655404478394586,-0.06212465419644153,-0.013024930509124788,-0.0707053976189067,0.0,-0.05086610996106844,0.0,84.78299616983867,47.395013898175044,69.82780326117322,GOOD
2011-04-06,2011-06-15,MODERATE,AGGRESSIVE,QQQ,TQQQ,48,False,0.416560173035,47.5741119385,50.1328887939,0.395371377468,0.0535921333069056,-0.05103988453406938,-0.00023738252574545537,-0.02412659256590899,-0.020559916550832558,0.030545936879402324,0.053602304856263716,-0.05086610996106844,0.10530118533754895,-0.006988463402738843,0.10530118533754895,89.28157333861888,60.72046097125274,77.85712839167243,EXCELLENT
2011-06-15,2011-06-16,AGGRESSIVE,MODERATE,TQQQ,QQQ,1,True,47.5741119385,0.346308529377,0.41220381856,47.5741119385,0.0,-0.15986093824457936,,,,,,0.0,0.0,-0.007432497208863076,0.0,100.0,,,EXCELLENT
2011-06-16,2011-06-22,MODERATE,DEFENSIVE,QQQ,TLT,4,True,63.58151626586914,48.1550483704,48.6256637573,63.078651428222656,0.007972028986997115,-0.009678333425923613,-0.0047247000797299155,-0.007908978382077714,,,,-0.007908978382077714,0.0,-0.008207116266607972,0.0,98.06433331481527,51.64142325332159,79.4951692902178,EXCELLENT
2011-06-22,2011-08-02,DEFENSIVE,MODERATE,TLT,QQQ,28,False,48.1550483704,66.7591323852539,66.7591323852539,47.7598342896,0.008275030403237071,0.0,0.009301498776508765,0.0076601230542370224,0.026809955385561857,0.0795185540806922,0.07587092924707295,-0.008207116266607972,0.0795185540806922,0.0,0.0795185540806922,98.34499391935259,65.90371081613844,85.36848067806693,EXCELLENT
2011-08-02,2011-12-21,MODERATE,DEFENSIVE,QQQ,TLT,99,False,66.7591323852539,48.6514205933,50.224105835,66.7591323852539,0.0,-0.03131335472385921,0.0019694287696596646,0.007682177875314,0.042643795556539965,0.04618872162896315,0.07061292970614685,0.0,0.09513542065583702,0.0,0.09513542065583702,93.73732905522816,50.0,76.24239743313689,EXCELLENT
2011-12-21,2012-01-12,DEFENSIVE,MODERATE,TLT,QQQ,14,False,48.6514205933,79.78672790527344,80.82671356201172,48.6514205933,0.0,-0.012866855658313803,0.0085251485885105,0.021026091452730933,0.01648779277599277,0.04952932009002531,,0.0,0.05588372232597094,-0.03277752522852306,0.05588372232597094,100.0,59.90586401800506,83.96234560720202,EXCELLENT
2012-01-12,2012-04-25,MODERATE,AGGRESSIVE,QQQ,TQQQ,71,False,0.384281337261,58.7920837402,59.4644889832,0.379874497652,0.011600777720638389,-0.011307677144757222,-0.011467742983331308,0.05539848407871273,0.07175852788882908,0.10551325534828404,0.22030243962771756,-0.011467742983331308,0.2469727419979808,-0.08487572534341037,0.2469727419979808,97.67984445587233,94.06048792554351,96.2321018437408,EXCELLENT
2012-04-25,2012-05-16,AGGRESSIVE,MODERATE,TQQQ,QQQ,15,False,58.7920837402,0.473098188639,0.573797881603,56.0670318604,0.048603462487278426,-0.17549680156134195,0.005868936345660991,0.0046648090653143015,0.009179605077187958,-0.03205419519960673,,-0.046350659926290394,0.011888404821448484,-0.12180843528017149,0.011888404821448484,90.27930750254431,51.83592101543759,74.90195290770163,EXCELLENT
2012-05-16,2012-05-21,MODERATE,AGGRESSIVE,QQQ,TQQQ,3,True,0.473098188639,55.3061180115,57.2968330383,0.426164537668,0.11013035300361684,-0.03474389283382051,-0.06153204681621194,,,,,-0.09920488409819928,0.0,-0.03359445369884151,0.0,77.97392939927663,,,GOOD
2012-05-21,2012-05-31,AGGRESSIVE,MODERATE,TQQQ,QQQ,7,False,55.3061180115,0.450918912888,0.473098188639,54.9168357849,0.007088577137341678,-0.04688091454081633,-0.0011195898071733046,-0.005758796956853329,0.005599190573014168,,,-0.007038682890725623,0.005599190573014168,-0.07861296860219447,0.005599190573014168,98.58228457253166,51.119838114602835,79.59730598936014,EXCELLENT
2012-05-31,2012-06-01,MODERATE,DEFENSIVE,QQQ,TLT,1,True,85.88652801513672,53.4481391907,55.6157875061,85.88652801513672,0.0,-0.03897541350398481,,,,,,0.0,0.0,0.0,0.0,92.20491729920303,50.0,75.32295037952181,EXCELLENT
2012-06-01,2012-06-04,DEFENSIVE,MODERATE,TLT,QQQ,1,True,53.4481391907,87.23069763183594,87.92546844482422,53.4481391907,0.0,-0.00790181531332157,,,,,,0.0,0.0,-0.03634039684429147,0.0,100.0,,,EXCELLENT
2012-06-04,2012-06-05,MODERATE,DEFENSIVE,QQQ,TLT,1,True,87.23069763183594,54.0763092041,55.6157875061,87.23069763183594,0.0,-0.02768059881973528,,,,,,0.0,0.0,0.0,0.0,94.46388023605294,50.0,76.67832814163177,EXCELLENT
2012-06-05,2012-08-14,DEFENSIVE,MODERATE,TLT,QQQ,49,False,54.0763092041,83.85040283203125,87.72491455078125,54.0763092041,0.0,-0.04416660578799614,0.02290590006290749,0.028632286901388637,0.023560537763243072,0.053462596061951695,0.06412225641200187,0.0,0.06412225641200187,-0.022457426636240174,0.06412225641200187,100.0,62.824451282400375,85.12978051296015,EXCELLENT
2012-08-14,2012-11-07,MODERATE,AGGRESSIVE,QQQ,TQQQ,58,False,0.559638559818,57.0676040649,58.7128448486,0.559638559818,0.0,-0.02802182023273614,0.007077617134330527,0.057501738438940464,0.04936396448805125,0.06050956329923496,0.06917858721813319,0.0,0.11004990107191515,-0.03334908652614277,0.11004990107191515,100.0,63.835717443626635,85.53428697745065,EXCELLENT
2012-11-07,2012-11-30,AGGRESSIVE,MODERATE,TQQQ,QQQ,16,False,57.0676040649,0.522705674171,0.524586737156,55.1644515991,0.03449961724682593,-0.0035857997386629092,-0.015739512149108403,-0.011687621532901149,-0.03007621024965501,-0.003740391833469192,,-0.03334908652614277,0.027115367519901623,-0.0793710985705266,0.027115367519901623,93.10007655063481,49.25192163330616,75.56081458370335,EXCELLENT
2012-11-30,2013-01-02,MODERATE,AGGRESSIVE,QQQ,TQQQ,21,False,0.522705674171,60.0950660706,60.0950660706,0.481217950583,0.08621399833014798,0.0,-0.004924542273397892,-0.04186453893906106,-0.04091682739224145,-0.05209357474105403,-0.01932175280097692,-0.0793710985705266,0.030498272088366196,-0.010118347211493961,0.030498272088366196,82.7572003339704,46.13564943980462,68.10857997630409,GOOD
2013-01-02,2013-01-24,AGGRESSIVE,MODERATE,TQQQ,QQQ,15,False,60.0950660706,0.546370565891,0.569045126438,59.4870033264,0.010221774676791417,-0.039846682615373386,-0.005207901883863775,-0.008184054386797812,-0.006398362884704634,-0.004463625717373687,,-0.010118347211493961,0.005804084548142852,-0.013229038493705936,0.005804084548142852,97.95564506464171,49.107274856525265,78.41629698139513,EXCELLENT
2013-01-24,2013-04-18,MODERATE,AGGRESSIVE,QQQ,TQQQ,58,False,0.546370565891,60.2072944641,62.7618331909,0.539142608643,0.013406392171808612,-0.040702105036192426,0.014859636263092169,0.022108907174201553,0.009967297499123395,0.026458404267121427,0.015765863311016037,-0.013229038493705936,0.06868430822184268,0.0,0.06868430822184268,97.31872156563827,55.29168085342428,80.50790528075268,EXCELLENT
2013-04-18,2013-05-08,AGGRESSIVE,MODERATE,TQQQ,QQQ,14,False,60.2072944641,0.701330780983,0.701330780983,60.2072944641,0.0,0.0,0.01369620859299192,0.0339433976379484,0.03900511570072762,0.06118717370362181,,0.0,0.07786165363891628,-0.029225476182966448,0.07786165363891628,100.0,62.23743474072436,84.89497389628974,EXCELLENT
2013-05-08,2013-06-25,MODERATE,AGGRESSIVE,QQQ,TQQQ,33,False,0.701330780983,63.158241272,65.952796936,0.680834054947,0.03010531845031683,-0.04237205689262602,-0.0035307381768260315,0.017365156890633004,0.03995477622802257,0.03854261693763483,-0.017366091757628377,-0.029225476182966448,0.06536760930233765,0.0,0.06536760930233765,93.97893630993663,57.99095524560451,79.58374388420378,EXCELLENT
2013-06-25,2013-07-12,AGGRESSIVE,MODERATE,TQQQ,QQQ,12,False,63.158241272,0.775889337063,0.775889337063,63.158241272,0.0,0.0,0.008969318131585524,0.01466380020797975,0.021355410068993663,0.04655437357315262,,0.0,0.06734034147473222,-0.04172973996209339,0.06734034147473222,100.0,59.31087471463052,83.7243498858522,EXCELLENT
2013-07-12,2013-10-16,MODERATE,AGGRESSIVE,QQQ,TQQQ,67,False,0.775889337063,72.4928817749,72.4928817749,0.743511676788,0.04354694255088609,0.0,0.007784508924769007,0.010974734089313154,-0.026926628124680163,0.0011492431245097023,0.046069208249858606,-0.04172973996209339,0.0685305351820844,0.0,0.0685305351820844,91.29061148982278,59.21384164997172,78.45990355388236,EXCELLENT
2013-10-16,2013-10-29,AGGRESSIVE,MODERATE,TQQQ,QQQ,9,False,72.4928817749,1.03303420544,1.03303420544,72.4928817749,0.0,0.0,0.005723133974564254,0.024260594349953646,0.019532220624042695,,,0.0,0.03160068732283694,-0.058085024454192724,0.03160068732283694,100.0,53.90644412480854,81.56257764992341,EXCELLENT
2013-10-29,2014-01-24,MODERATE,AGGRESSIVE,QQQ,TQQQ,59,False,1.03303420544,78.4773635864,80.3229980469,0.973030388355,0.061666950799390774,-0.022977659018931784,-0.003163268972887545,-0.010064946722235013,-0.0010543845249887385,-0.0207991973904178,0.05405910346038745,-0.058085024454192724,0.05405910346038745,-0.028245360159934618,0.05405910346038745,87.66660984012185,60.81182069207749,76.92469418090411,EXCELLENT
2014-01-24,2014-01-30,AGGRESSIVE,MODERATE,TQQQ,QQQ,4,True,78.4773635864,1.15888357162,1.26007759571,76.8397598267,0.021311932304231007,-0.08030777186620919,-0.009684154037148396,-0.020867211701079524,,,,-0.020867211701079524,0.0,-0.07279553809885442,0.0,95.7376135391538,,,EXCELLENT
2014-01-30,2014-02-25,MODERATE,DEFENSIVE,QQQ,TLT,17,False,75.71001434326172,81.7072753906,81.7977676392,74.74618530273438,0.012894692038445621,-0.0011062923990682316,0.006694134900286253,0.008147962057197145,-0.005460593746356435,-0.007138133129533486,,-0.012730535701095502,0.018959812718604363,-0.016844427246173188,0.018959812718604363,99.77874152018636,53.36888544923464,81.21479909180567,EXCELLENT
2014-02-25,2014-02-26,DEFENSIVE,MODERATE,TLT,QQQ,1,True,81.7072753906,76.15752410888672,76.15752410888672,81.7072753906,0.0,0.0,,,,,,0.0,0.0,-0.016427974861850436,0.0,100.0,,,EXCELLENT
2014-02-26,2014-04-01,MODERATE,AGGRESSIVE,QQQ,TQQQ,24,False,1.30899107456,81.2324142456,82.2462997437,1.20680654049,0.08467350038433663,-0.01232742994225311,0.01966793657371113,-0.007715416251707241,0.04069654399126166,0.02269299537430758,-0.07806358351553166,-0.07806358351553166,0.04069654399126166,-0.057168416954338386,0.04069654399126166,83.06529992313267,58.13930879825233,73.09490347318054,GOOD
2014-04-01,2014-04-04,AGGRESSIVE,MODERATE,TQQQ,QQQ,3,True,81.2324142456,1.16224956512,1.29295086861,80.7953872681,0.005409058515306375,-0.10108760252468973,0.002578401369024208,,,,,-0.005379958007633245,0.002578401369024208,-0.08178555222792083,0.002578401369024208,98.91818829693872,,,EXCELLENT
2014-04-04,2014-05-02,MODERATE,DEFENSIVE,QQQ,TLT,19,False,76.92189025878906,79.6662368774,79.8119506836,76.92189025878906,0.0,-0.0018257141311789349,0.005992974226332715,0.0034109260321992796,0.02092904143159302,0.013829871856696263,,0.0,0.03532961606203977,-0.011543942723380773,0.03532961606203977,99.63485717376422,52.308788544676155,80.70442972212899,EXCELLENT
2014-05-02,2014-05-16,DEFENSIVE,MODERATE,TLT,QQQ,10,False,79.6662368774,80.72014617919922,80.94763946533203,78.7465744019,0.011678761679286387,-0.00281037578903387,0.0052577027059104164,-0.010629751178070745,-0.007886218872956818,,,-0.011543942723380773,0.009143926559767701,-0.019669095459979746,0.009143926559767701,97.66424766414272,48.422756225408634,77.96765108864909,EXCELLENT
2014-05-16,2014-10-03,MODERATE,AGGRESSIVE,QQQ,TQQQ,97,False,1.20126199722,89.8446273804,91.5011520386,1.20126199722,0.0,-0.018103866686849934,0.021430862384373972,0.03874052338931766,0.07517329707339582,0.1236403082039721,0.16617217013603902,0.0,0.1867793678142209,-0.06498900528774176,0.1867793678142209,100.0,83.23443402720781,93.29377361088314,EXCELLENT
2014-10-03,2014-10-08,AGGRESSIVE,MODERATE,TQQQ,QQQ,3,True,89.8446273804,1.69008874893,1.77228629589,88.3803100586,0.01656836597234257,-0.04637938416079801,-0.002139075578624139,,,,,-0.016298329287961932,0.0,-0.19125745230517954,0.0,96.68632680553148,,,EXCELLENT
2014-10-08,2014-11-10,MODERATE,DEFENSIVE,QQQ,TLT,23,False,85.95183563232422,93.3132095337,93.3132095337,85.57748413085938,0.004374415832234746,0.0,-0.004355363660483169,0.011642766623003897,0.026300211461529166,0.010721222906796779,0.0005063963495435253,-0.004355363660483169,0.026300211461529166,0.0,0.026300211461529166,100.0,50.0,80.0,EXCELLENT
2014-11-10,2014-11-11,DEFENSIVE,MODERATE,TLT,QQQ,1,True,93.3132095337,85.68504333496094,86.42117309570312,93.3132095337,0.0,-0.008517932983008625,,,,,,0.0,0.0,-0.0008426743692184768,0.0,100.0,,,EXCELLENT
2014-11-11,2014-12-18,MODERATE,AGGRESSIVE,QQQ,TQQQ,26,False,1.87270522118,95.4090118408,96.4431762695,1.87270522118,0.0,-0.010723044062859732,0.005499577004175027,0.027815593090074087,0.04103647563473811,0.07614999691203028,0.02675807271922137,0.0,0.11454257612676488,-0.04056335437744285,0.11454257612676488,100.0,65.22999938240605,86.09199975296242,EXCELLENT
2014-12-18,2014-12-19,AGGRESSIVE,MODERATE,TQQQ,QQQ,1,True,95.4090118408,1.99075090885,2.04541707039,95.4090118408,0.0,-0.02672616862905952,,,,,,0.0,0.0,-0.1313819606397112,0.0,100.0,,,EXCELLENT
2014-12-19,2015-02-18,MODERATE,DEFENSIVE,QQQ,TLT,39,False,91.04374694824219,98.4376525879,98.4376525879,89.35840606689453,0.01886046266409447,0.0,0.001350424350845092,-0.013169046648173865,-0.002102187109233822,0.04813510712807845,0.062067313227890386,-0.018511330408070292,0.07448702729491274,-0.019130287186790107,0.07448702729491274,100.0,53.826057437358024,81.5304229749432,EXCELLENT
2015-02-18,2015-02-19,DEFENSIVE,MODERATE,TLT,QQQ,1,True,98.4376525879,91.6388168334961,97.90690612792969,98.4376525879,0.0,-0.06402091070310623,,,,,,0.0,0.0,-0.019253646758635168,0.0,100.0,,,EXCELLENT
2015-02-19,2015-05-05,MODERATE,AGGRESSIVE,QQQ,TQQQ,52,False,2.16383004189,98.9310455322,101.7760849,2.0055501461,0.078920936530952,-0.02795390852964519,0.019225385064745693,0.02535919577217416,0.0325918675010175,0.02444412099196125,0.00640838822899803,-0.07314802582727342,0.04641605260377735,-0.006886818861913779,0.04641605260377735,84.2158126938096,56.5183735002035,73.13683701636717,GOOD
2015-05-05,2015-06-02,AGGRESSIVE,MODERATE,TQQQ,QQQ,19,False,98.9310455322,2.28093576431,2.33838939667,98.2497253418,0.0069345760309229565,-0.02456974550167601,-0.006886818861913779,0.011540291610770304,0.00307131361005486,0.02317381926438644,,-0.006886818861913779,0.03266654276637704,-0.08651064739637349,0.03266654276637704,98.6130847938154,54.634763852877285,81.02175641744014,EXCELLENT
2015-06-02,2015-07-13,MODERATE,AGGRESSIVE,QQQ,TQQQ,28,False,2.28093576431,101.087333679,101.087333679,2.08361053467,0.09470350929630533,0.0,0.008772817386224485,-0.02067234050945055,-0.05532888370408673,-0.03639346256868892,-0.0760875632297785,-0.08651064739637349,0.023886012430727632,0.0,0.023886012430727632,81.05929814073893,42.72130748626222,65.72410187894825,GOOD
2015-07-13,2015-08-21,AGGRESSIVE,MODERATE,TQQQ,QQQ,29,False,101.087333679,1.82110321522,2.35899400711,101.087333679,0.0,-0.22801702347220854,0.006572894118563877,0.02190967219526252,0.04053316149391328,0.005842765423762497,0.018531940192910268,0.0,0.04053316149391328,-0.1301133288161127,0.04053316149391328,100.0,58.10663229878266,83.24265291951306,EXCELLENT
2015-08-21,2015-08-26,MODERATE,DEFENSIVE,QQQ,TLT,3,True,92.97212982177734,95.0796661377,102.831466675,91.44952392578125,0.01664968641314979,-0.0753835454063847,-0.00031642757210026407,,,,,-0.016377014261315215,0.0,-0.019217507676707157,0.0,84.92329091872305,53.84350153534143,72.49137516537041,GOOD
2015-08-26,2015-08-27,DEFENSIVE,MODERATE,TLT,QQQ,1,True,95.0796661377,89.73573303222656,92.97212982177734,95.0796661377,0.0,-0.034810397435820595,,,,,,0.0,0.0,-0.02411535540096521,0.0,100.0,,,EXCELLENT
2015-08-27,2015-10-19,MODERATE,DEFENSIVE,QQQ,TLT,36,False,89.73573303222656,100.593208313,100.593208313,87.57172393798828,0.024711276619045153,0.0,0.002950643275092535,0.0024172234246981894,-0.001361181352376617,-0.002839861307438074,-0.0016078263931789127,-0.02411535540096521,0.007756353129042104,-0.011219683528615909,0.007756353129042104,100.0,52.24393670572318,80.89757468228927,EXCELLENT
2015-10-19,2015-12-08,DEFENSIVE,MODERATE,TLT,QQQ,35,False,100.593208313,90.3642578125,91.15062713623047,99.4645843506,0.011346993201336364,-0.008627141122739546,-0.005150037320492351,0.008920395850263718,0.03779649423418019,0.053981762388010335,0.024645745797130525,-0.011219683528615909,0.05775219676783294,-0.012464640992943088,0.05775219676783294,97.73060135973273,60.79635247760207,82.95690180688047,EXCELLENT
2015-12-08,2015-12-09,MODERATE,DEFENSIVE,QQQ,TLT,1,True,90.3642578125,104.432273865,106.532211304,90.3642578125,0.0,-0.019711760539801726,,,,,,0.0,0.0,-0.07584664308697608,0.0,96.05764789203965,65.16932861739522,83.70232018218188,EXCELLENT
2015-12-09,2015-12-11,DEFENSIVE,MODERATE,TLT,QQQ,2,True,104.432273865,91.81082153320312,91.81082153320312,104.432273865,0.0,0.0,0.00451792342097157,,,,,0.0,0.00451792342097157,-0.028024166541187112,0.00451792342097157,100.0,,,EXCELLENT
2015-12-11,2015-12-14,MODERATE,DEFENSIVE,QQQ,TLT,1,True,91.81082153320312,103.266670227,106.532211304,91.81082153320312,0.0,-0.03065308639545139,,,,,,0.0,0.0,-0.08437479613554821,0.0,93.86938272090973,66.87495922710964,83.0716133233897,EXCELLENT
2015-12-14,2016-01-04,DEFENSIVE,MODERATE,TLT,QQQ,13,False,103.266670227,90.28607940673828,91.41765594482422,101.911804199,0.013294495555729702,-0.012378096182742993,0.006091596026260859,0.006181213092248061,-0.002157237088310393,0.027045513125006027,,-0.01312007083235811,0.027045513125006027,-0.004034822781893155,0.027045513125006027,97.34110088885406,55.4091026250012,80.56830158331292,EXCELLENT
2016-01-04,2016-01-29,MODERATE,DEFENSIVE,QQQ,TLT,18,False,90.28607940673828,96.6227722168,96.6227722168,89.92179107666016,0.004051168528967253,0.0,-0.004034822781893155,0.011198264116957457,0.004611129462225527,0.03219441781913224,,-0.004034822781893155,0.043063037895037404,-0.07500248725983005,0.043063037895037404,100.0,65.00049745196601,86.00019898078641,EXCELLENT
2016-01-29,2016-02-01,DEFENSIVE,MODERATE,TLT,QQQ,1,True,96.6227722168,94.34528350830078,94.6349868774414,96.6227722168,0.0,-0.003061271298275825,,,,,,0.0,0.0,0.0,0.0,100.0,,,EXCELLENT
2016-02-01,2016-03-09,MODERATE,DEFENSIVE,QQQ,TLT,26,False,94.34528350830078,97.2630310059,98.2002182007,94.34528350830078,0.0,-0.00954363658219759,0.01855179817281627,0.014999241874409819,0.03805151615009672,0.027156503403478416,0.015817370577853485,0.0,0.05565571798536717,-0.0015263020005102934,0.05565571798536717,98.09127268356048,50.30526040010206,78.97686777017711,EXCELLENT
2016-03-09,2016-03-30,DEFENSIVE,MODERATE,TLT,QQQ,14,False,97.2630310059,96.77781677246094,97.80763244628906,97.1145782471,0.0015286351594121506,-0.010528990918920789,-0.0015263020005102934,0.017649425891280934,0.026330866629528105,0.02602651614308038,,-0.0015263020005102934,0.04133589469215804,-0.016781735583721757,0.04133589469215804,99.69427296811757,55.26617332590562,81.92303311123278,EXCELLENT
2016-03-30,2016-06-24,MODERATE,AGGRESSIVE,QQQ,TQQQ,61,False,2.04061818123,97.3168182373,101.497291565,1.93303966522,0.05565251347170719,-0.041188028401947796,-0.005825231603511005,0.014563429515308313,0.03456302525810462,0.03883550047183837,-0.052718591356054834,-0.052718591356054834,0.04679615182710983,-0.019848598762137182,0.04679615182710983,88.86949730565857,57.76710009436768,76.4285384211422,EXCELLENT
2016-06-24,2016-06-27,AGGRESSIVE,MODERATE,TQQQ,QQQ,1,True,97.3168182373,1.64715516567,1.99306976795,97.3168182373,0.0,-0.17355870218020275,,,,,,0.0,0.0,0.0,0.0,100.0,,,EXCELLENT
2016-06-27,2016-07-01,MODERATE,DEFENSIVE,QQQ,TLT,4,True,104.49105834960938,100.853370667,101.497291565,103.90544128417969,0.005636057728950261,-0.006344217545821262,0.002083915626424737,-0.0019402224848807936,,,,-0.005604470609057444,0.002083915626424737,-0.006106488875155747,0.002083915626424737,98.73115649083574,51.22129777503115,79.72721300451391,EXCELLENT
2016-07-01,2016-07-19,DEFENSIVE,MODERATE,TLT,QQQ,11,False,100.853370667,104.58541870117188,108.01544952392578,100.237510681,0.006144007186690059,-0.03175500206564563,-0.006106488875155747,0.004996575768041245,0.026369513754587848,0.041266117924225076,,-0.006106488875155747,0.041266117924225076,-0.005667402478221062,0.041266117924225076,98.771198562662,58.25322358484502,82.5640085715352,EXCELLENT
2016-07-19,2017-06-02,MODERATE,AGGRESSIVE,QQQ,TQQQ,220,False,2.15790486336,134.880020142,134.880020142,2.15790486336,0.0,0.0,0.034244958155818184,0.040029128566632766,0.044436089235507126,0.07565151743335452,0.1351448788182037,0.0,0.15332305296575233,-0.038304668241899376,0.15332305296575233,100.0,77.02897576364074,90.81159030545629,EXCELLENT
2017-06-02,2017-06-08,AGGRESSIVE,MODERATE,TQQQ,QQQ,4,True,134.880020142,4.41090488434,4.41090488434,134.315948486,0.004199588078394267,0.0,-0.00020928792841445887,-0.00027886202093097,,,,-0.004182025294822478,0.0,-0.14660431867525048,0.0,99.16008238432114,,,EXCELLENT
2017-06-08,2017-06-09,MODERATE,AGGRESSIVE,QQQ,TQQQ,1,True,4.41090488434,131.608108521,134.983337402,4.41090488434,0.0,-0.025004781671296827,,,,,,0.0,0.0,-0.024424500261601034,0.0,100.0,,,EXCELLENT
2017-06-09,2017-06-19,AGGRESSIVE,MODERATE,TQQQ,QQQ,6,False,131.608108521,4.14542722702,4.41090488434,130.241439819,0.010493347615776472,-0.060186665611975276,-0.005357638301499268,-0.001642769472410599,-0.010384380699323903,,,-0.010384380699323903,0.002714644948665912,-0.0919519333267893,0.002714644948665912,97.9013304768447,47.92312386013522,77.91004783016092,EXCELLENT
2017-06-19,2017-07-21,MODERATE,DEFENSIVE,QQQ,TLT,23,False,97.05299377441406,135.860198975,135.9168396,94.59426879882812,0.02599232497705395,-0.000416730003189425,0.008956342028452413,0.013236139181647788,0.01656537690247495,-0.011514488327504346,-0.009211118998375123,-0.025333839585627738,0.01656537690247495,-0.02137193227233747,0.01656537690247495,99.91665399936211,54.274386454467496,81.65974698140427,EXCELLENT
2017-07-21,2017-07-25,DEFENSIVE,MODERATE,TLT,QQQ,2,True,135.860198975,95.24942016601562,96.88359069824219,135.860198975,0.0,-0.01686736134002731,0.004580325508830585,,,,,0.0,0.004580325508830585,-0.0033176253623283802,0.004580325508830585,100.0,,,EXCELLENT
2017-07-25,2017-08-17,MODERATE,AGGRESSIVE,QQQ,TQQQ,17,False,4.46796369553,133.239395142,136.28453064,4.14344453812,0.07832110564637706,-0.022343955573680074,0.00895688462733868,-0.012238315075098982,-0.01871206176398499,-0.004345251265005401,,-0.07263245172172439,0.00895688462733868,-0.00198088016474951,0.00895688462733868,84.33577887072458,49.13094974699892,70.25384722123432,GOOD
2017-08-17,2017-08-18,AGGRESSIVE,MODERATE,TQQQ,QQQ,1,True,133.239395142,4.14661645889,4.46518945694,133.239395142,0.0,-0.07134590841489596,,,,,,0.0,0.0,-0.0018159896085532257,0.0,100.0,,,EXCELLENT
2017-08-18,2017-09-08,MODERATE,DEFENSIVE,QQQ,TLT,14,False,97.81254577636719,135.954498291,137.8306427,97.67353820800781,0.0014231855516828595,-0.013611954295849826,0.0024485031222685194,0.005370311234691005,0.005528417565449528,0.003087792459661731,,-0.0014211629730729314,0.0231102003465391,-0.007609837761936689,0.0231102003465391,97.27760914083004,51.52196755238734,78.97535250545295,EXCELLENT
2017-09-08,2017-09-22,DEFENSIVE,MODERATE,TLT,QQQ,10,False,135.954498291,97.68882751464844,99.85627746582031,135.954498291,0.0,-0.021705695487334475,0.01151110998659477,0.015325288211798238,0.01282863111499899,,,0.0,0.015325288211798238,-0.018699308902420886,0.015325288211798238,100.0,52.5657262229998,81.02629048919992,EXCELLENT
2017-09-22,2017-10-27,MODERATE,AGGRESSIVE,QQQ,TQQQ,25,False,4.43309545517,142.894210815,142.894210815,4.29401683807,0.03238893147016886,0.0,-0.031372800000911916,0.0016979899161029266,0.021183247058324195,0.06676802689073824,0.08839819831828377,-0.031372800000911916,0.09679994621806398,0.0,0.09679994621806398,93.52221370596622,67.67963966365676,83.18518408904244,EXCELLENT
2017-10-27,2017-11-17,AGGRESSIVE,MODERATE,TQQQ,QQQ,15,False,142.894210815,5.31868362427,5.38762903214,142.894210815,0.0,-0.012796984992601623,0.002247906105978359,0.005686238185337977,0.013422298489636608,0.016132685298108518,,0.0,0.021819243832324142,-0.027042999839972826,0.021819243832324142,100.0,53.226537059621705,81.29061482384868,EXCELLENT
2017-11-17,2017-12-04,MODERATE,AGGRESSIVE,QQQ,TQQQ,10,False,5.31868362427,144.283081055,147.948959351,5.30085277557,0.003363769841369102,-0.024777993113847763,-0.0024584708310779746,0.03307764830139659,0.042985674847576316,,,-0.0033524928271039256,0.05065918432720862,0.0,0.05065918432720862,99.32724603172618,58.59713496951527,83.03520160684181,EXCELLENT
2017-12-04,2017-12-26,AGGRESSIVE,MODERATE,TQQQ,QQQ,15,False,144.283081055,5.58733224869,5.81952571869,144.283081055,0.0,-0.03989903666106098,0.0006542060809195949,0.008578073665672648,0.02088922533371118,0.04100410586425429,,0.0,0.04100410586425429,-0.0162399183780908,0.04100410586425429,100.0,58.20082117285086,83.28032846914034,EXCELLENT
2017-12-26,2018-02-02,MODERATE,AGGRESSIVE,QQQ,TQQQ,26,False,5.58733224869,155.851638794,161.83531189,5.49659442902,0.016508007065418218,-0.03697384103703605,0.0,-0.0162399183780908,0.06453449694969193,0.10829021756704371,0.2354440393979491,-0.0162399183780908,0.26260541404603477,-0.06779716607899278,0.26260541404603477,96.69839858691635,97.08880787958982,96.85456230398574,EXCELLENT
2018-02-02,2018-02-05,AGGRESSIVE,MODERATE,TQQQ,QQQ,1,True,155.851638794,5.6840133667,7.21110963821,155.851638794,0.0,-0.211769942231674,,,,,,0.0,0.0,-0.09369123440488702,0.0,100.0,,,EXCELLENT
2018-02-05,2018-05-15,MODERATE,DEFENSIVE,QQQ,TLT,69,False,94.41313934326172,159.195999146,160.978866577,91.30801391601562,0.034007151114930245,-0.011075164516375913,-0.006212969959641712,-0.016734250947420315,-0.018639637156412925,-0.02087641947393759,-0.019316732497400624,-0.03288870011997658,0.0,-0.0024423302538113534,0.0,97.78496709672481,50.48846605076227,78.8663666783398,EXCELLENT
2018-05-15,2018-05-17,DEFENSIVE,MODERATE,TLT,QQQ,2,True,159.195999146,91.47267150878906,93.84986877441406,159.195999146,0.0,-0.02532978784806872,0.006612148349498748,,,,,0.0,0.006612148349498748,0.0,0.006612148349498748,100.0,,,EXCELLENT
2018-05-17,2018-07-12,MODERATE,AGGRESSIVE,QQQ,TQQQ,38,False,6.45667457581,170.551422119,170.551422119,6.35325670242,0.016277930868212387,0.0,-0.016017203929938773,-0.004050402981122692,0.020129051621545546,0.07683351170873665,0.1550782578173202,-0.016017203929938773,0.16667690745200536,-0.02423930806695651,0.16667690745200536,96.74441382635752,81.01565156346405,90.45290892120013,EXCELLENT
2018-07-12,2018-07-19,AGGRESSIVE,MODERATE,TQQQ,QQQ,5,True,170.551422119,7.68263101578,7.84786081314,170.285293579,0.0015628392470459218,-0.021054119242704727,0.00083589373942905,0.0045133609701766275,,,,-0.0015604005917598807,0.0045133609701766275,-0.06808001293511268,0.0045133609701766275,99.68743215059081,,,EXCELLENT
2018-07-19,2018-10-10,MODERATE,AGGRESSIVE,QQQ,TQQQ,58,False,7.68263101578,163.498809814,177.24671936,7.15959739685,0.07305349587954746,-0.07756368972943906,-0.001392409031232722,0.02011458171980296,0.016246137498161284,0.0018567936414881636,0.004332518498107341,-0.06808001293511268,0.06266455101268731,-0.049496232310230925,0.06266455101268731,85.38930082409051,53.249227499632255,72.53327149430721,EXCELLENT
2018-10-10,2018-10-11,AGGRESSIVE,MODERATE,TQQQ,QQQ,1,True,163.498809814,6.36078548431,8.50521755219,163.498809814,0.0,-0.252131359923631,,,,,,0.0,0.0,-0.11997742949553103,0.0,100.0,,,EXCELLENT
2018-10-11,2018-10-25,MODERATE,DEFENSIVE,QQQ,TLT,10,False,91.44493103027344,162.860916138,168.792358398,90.40209197998047,0.01153556325360161,-0.035140466762210276,-0.0034826841939716857,-0.0016540309547825593,-0.007922245110284054,,,-0.011404011556941596,0.0,-0.06956604514246922,0.0,92.97190664755794,63.913209028493846,81.34842759993231,EXCELLENT
2018-10-25,2018-10-26,DEFENSIVE,MODERATE,TLT,QQQ,1,True,162.860916138,91.5404281616211,91.5404281616211,162.860916138,0.0,0.0,,,,,,0.0,0.0,-0.023638010675935073,0.0,100.0,,,EXCELLENT
2018-10-26,2019-01-30,MODERATE,DEFENSIVE,QQQ,TLT,63,False,91.5404281616211,158.190093994,158.190093994,89.37659454345703,0.02421029386068141,0.0,-0.002260803889722829,-0.01226164816987485,-0.023638010675935073,-0.011869178748776799,0.0014681140056576059,-0.023638010675935073,0.0037350020465249933,0.0,0.0037350020465249933,100.0,50.0,80.0,EXCELLENT
2019-01-30,2019-03-15,DEFENSIVE,MODERATE,TLT,QQQ,31,False,158.190093994,98.04086303710938,98.29043579101562,158.190093994,0.0,-0.0025391356941064647,0.014968922017897235,0.0232376393691216,0.02921315085112286,0.032170570378401875,0.045328482883839616,0.0,0.04840666852559328,-0.0027928287435453614,0.04840666852559328,100.0,59.06569657676792,83.62627863070716,EXCELLENT
2019-03-15,2019-05-13,MODERATE,AGGRESSIVE,QQQ,TQQQ,40,False,6.58482599258,170.817260742,182.802581787,6.55620336533,0.004365732063980721,-0.06556428759285904,0.009038493470756137,0.030915216257709988,0.008130632358444911,0.02458618529061063,0.12964875109258678,-0.004346755295015048,0.12964875109258678,-0.047373931187331686,0.12964875109258678,99.12685358720385,75.92975021851736,89.84801223972926,EXCELLENT
2019-05-13,2019-05-24,AGGRESSIVE,MODERATE,TQQQ,QQQ,9,False,170.817260742,6.43713092804,7.28017282486,170.501602173,0.0018513525091670147,-0.11579970930651795,0.010975391882859231,0.035558318776543585,0.007671501107720191,,,-0.0018479313368497952,0.035558318776543585,-0.13041086571088367,0.035558318776543585,99.6297294981666,51.534300221544036,80.39155778751757,EXCELLENT
2019-05-24,2019-06-05,MODERATE,DEFENSIVE,QQQ,TLT,7,False,103.33979797363281,168.550338745,173.925964355,103.33979797363281,0.0,-0.030907550979724974,0.007199802967215785,0.01893841795254536,0.038595406082589934,,,0.0,0.038595406082589934,0.0,0.038595406082589934,93.818489804055,50.0,76.291093882433,EXCELLENT
2019-06-05,2019-06-28,DEFENSIVE,MODERATE,TLT,QQQ,17,False,168.550338745,107.62811279296875,107.7010269165039,168.550338745,0.0,-0.0006770049053634875,0.007944512618428101,0.039384344632157564,0.03478761537745023,0.06185776628294848,,0.0,0.07173209766307065,-0.01870967613882213,0.07173209766307065,100.0,62.37155325658969,84.94862130263587,EXCELLENT
2019-06-28,2019-08-05,MODERATE,AGGRESSIVE,QQQ,TQQQ,25,False,7.35518932343,173.255996704,187.213867188,7.35518932343,0.0,-0.07455575109713164,0.039825153403855396,0.07576471884752611,0.04630070113561513,0.11818009134462915,0.12384610646911365,0.0,0.13436931724132872,0.0,0.13436931724132872,100.0,74.76922129382274,89.9076885175291,EXCELLENT
2019-08-05,2019-08-16,AGGRESSIVE,MODERATE,TQQQ,QQQ,9,False,173.255996704,7.02178239822,7.40758132935,173.255996704,0.0,-0.052081632853817506,0.013999025056221859,0.04166416766129366,0.02002993525776109,,,0.0,0.04238388199368148,-0.05409532760461078,0.04238388199368148,100.0,54.00598705155222,81.60239482062089,EXCELLENT
2019-08-16,2019-09-05,MODERATE,DEFENSIVE,QQQ,TLT,13,False,118.8911361694336,183.849014282,183.849014282,116.83265686035156,0.017619040466934743,0.0,-0.014303582315913999,-0.010744643993547243,-0.0011641950783335409,0.007868680437948417,,-0.017313984670383364,0.011427747102843888,-0.03837118421086194,0.011427747102843888,100.0,57.67423684217239,83.06969473686895,EXCELLENT
2019-09-05,2019-09-16,DEFENSIVE,MODERATE,TLT,QQQ,7,False,183.849014282,112.70320129394531,120.16075134277344,182.756210327,0.005979572201922467,-0.06206311100331374,-0.000990477913146215,-0.00594402944866379,0.007560714494056819,,,-0.00594402944866379,0.007560714494056819,0.0,0.007560714494056819,98.8040855596155,51.51214289881136,79.88730849529384,EXCELLENT
2019-09-16,2019-10-11,MODERATE,AGGRESSIVE,QQQ,TQQQ,19,False,7.66597032547,183.576187134,183.576187134,6.79435062408,0.12828594660700543,0.0,0.013202954212296003,0.01708621262918464,-0.013979357088553468,-0.04271484735233744,,-0.11369985329763999,0.01708621262918464,-0.00010456452604068467,0.01708621262918464,74.34281067859891,47.20412858228931,63.48733784007507,GOOD
2019-10-11,2019-10-25,AGGRESSIVE,MODERATE,TQQQ,QQQ,10,False,183.576187134,8.0755853653,8.0755853653,183.556991577,0.00010457546092412784,0.0,-0.00010456452604068467,0.010098871656195607,0.003035197264410261,,,-0.00010456452604068467,0.015592997635965444,0.0,0.015592997635965444,99.97908490781518,50.60703945288205,80.23026672584191,EXCELLENT
2019-10-25,2020-02-04,MODERATE,AGGRESSIVE,QQQ,TQQQ,68,False,8.0755853653,218.976531982,218.976531982,8.0755853653,0.0,0.0,0.030521861176665777,0.020937627134317127,0.04939544973842036,0.08611048947956546,0.09407247281222664,0.0,0.11928650255983198,-0.09596855822763439,0.11928650255983198,100.0,68.81449456244533,87.52579782497813,EXCELLENT
2020-02-04,2020-02-24,AGGRESSIVE,MODERATE,TQQQ,QQQ,13,False,218.976531982,11.3971004486,14.0629377365,218.976531982,0.0,-0.1895647508259165,0.0032973665829145737,0.007605684015202563,0.019958683971482705,0.04180770945697754,,0.0,0.04180770945697754,-0.6288671081573571,0.04180770945697754,100.0,58.361541891395504,83.3446167565582,EXCELLENT
2020-02-24,2020-05-20,MODERATE,DEFENSIVE,QQQ,TLT,61,False,123.50067138671875,223.224868774,223.224868774,118.8262939453125,0.03933790482060773,0.0,0.005324423566855474,0.010848754716608067,0.026071321786961255,0.14171668474648302,0.10645671840212323,-0.03784900429220606,0.14171668474648302,-0.010890499281516974,0.14171668474648302,100.0,52.1780998563034,80.87123994252136,EXCELLENT
2020-05-20,2020-06-10,DEFENSIVE,MODERATE,TLT,QQQ,14,False,223.224868774,132.9344940185547,135.0337371826172,220.793838501,0.011010408123272697,-0.015546064323344044,-0.010890499281516974,-0.010155944265758388,-0.006050338138477551,0.015731070567031047,,-0.010890499281516974,0.0514716221230378,-0.005844355971278636,0.0514716221230378,97.79791837534546,53.14621411340621,79.93723667056976,EXCELLENT
2020-06-10,2020-06-11,MODERATE,AGGRESSIVE,QQQ,TQQQ,1,True,11.5936450958,225.762084961,237.531616211,11.5936450958,0.0,-0.04954932500246656,,,,,,0.0,0.0,0.0,0.0,100.0,,,EXCELLENT
2020-06-11,2020-06-29,AGGRESSIVE,MODERATE,TQQQ,QQQ,12,False,225.762084961,10.9992523193,11.8878631592,225.762084961,0.0,-0.07474941694734305,0.007948068690586396,0.03773183331236307,0.04384238930425299,0.05314877235950766,,0.0,0.06517705601249157,0.0,0.06517705601249157,100.0,60.629754471901535,84.25190178876062,EXCELLENT
2020-06-29,2020-07-02,MODERATE,DEFENSIVE,QQQ,TLT,3,True,136.1495361328125,243.714050293,243.714050293,135.2252197265625,0.006835384761208374,0.0,-0.004856267657219249,,,,,-0.0067889794743651866,0.0,0.0,0.0,100.0,50.0,80.0,EXCELLENT
2020-07-02,2020-07-06,DEFENSIVE,MODERATE,TLT,QQQ,1,True,243.714050293,134.81146240234375,136.5792999267578,243.714050293,0.0,-0.01294367100550442,,,,,,0.0,0.0,0.0,0.0,100.0,,,EXCELLENT
2020-07-06,2020-07-07,MODERATE,DEFENSIVE,QQQ,TLT,1,True,134.81146240234375,247.985443115,249.705673218,134.81146240234375,0.0,-0.00688903091720372,,,,,,0.0,0.0,-0.0040918721609374265,0.0,98.62219381655926,50.81837443218748,79.50066606281055,EXCELLENT
2020-07-07,2020-09-01,DEFENSIVE,MODERATE,TLT,QQQ,40,False,247.985443115,135.89349365234375,137.67857360839844,246.970718384,0.00410868437213785,-0.012965561083832955,0.01317163072142602,0.02868168506851254,0.014652435450878354,0.028798655474660872,0.05366129677550857,-0.0040918721609374265,0.05366129677550857,-0.006835456341604873,0.05366129677550857,99.17826312557243,60.73225935510172,83.79986161738414,EXCELLENT
2020-09-01,2020-09-03,MODERATE,AGGRESSIVE,QQQ,TQQQ,2,True,20.2188949585,277.750244141,292.584411621,20.2188949585,0.0,-0.05070047101215869,0.0282197370613535,,,,,0.0,0.0282197370613535,-0.0808946394610327,0.0282197370613535,100.0,,,EXCELLENT
2020-09-03,2020-09-09,AGGRESSIVE,MODERATE,TQQQ,QQQ,3,True,277.750244141,15.7317657471,20.7894668579,260.877044678,0.06467874352006153,-0.24328190546541462,-0.01332575934342306,,,,,-0.0607495396275306,0.0,-0.1459831478690402,0.0,87.06425129598769,,,EXCELLENT
2020-09-09,2020-10-23,MODERATE,DEFENSIVE,QQQ,TLT,32,False,135.42901611328125,275.16998291,284.631011963,132.2154083251953,0.02430584928635393,-0.033239628344608696,0.0050828823152695435,0.007164686153170896,0.0017147249341893378,0.00728727112776828,-0.023729093515660438,-0.023729093515660438,0.011144979717144121,-0.053943596209238165,0.011144979717144121,93.35207433107826,60.78871924184763,80.32673229538601,EXCELLENT
2020-10-23,2020-12-02,DEFENSIVE,MODERATE,TLT,QQQ,27,False,275.16998291,129.9882354736328,134.22727966308594,260.326324463,0.05701942927830839,-0.03158109290520705,-0.014996057347394731,-0.04600671859306904,-0.053943596209238165,0.03466329960895376,0.019807869115515908,-0.053943596209238165,0.03466329960895376,-0.006720461505105857,0.03466329960895376,88.59611414433832,56.93265992179075,75.93073245531929,EXCELLENT
2020-12-02,2021-01-19,MODERATE,AGGRESSIVE,QQQ,TQQQ,31,False,19.6411819458,306.329772949,308.866363525,19.1146812439,0.02754430979946476,-0.008212582772208155,0.004063262675343404,0.03359800249399525,-0.026805958182805956,0.04742554504970564,0.10255305198324494,-0.026805958182805956,0.10255305198324494,-0.005846591696779702,0.10255305198324494,94.49113804010705,70.51061039664899,84.89892698272382,EXCELLENT
2021-01-19,2021-03-04,AGGRESSIVE,MODERATE,TQQQ,QQQ,31,False,306.329772949,19.0991954803,25.3051872253,304.538787842,0.005880975358479645,-0.24524583397649313,0.023261239948708212,0.028475921151980943,0.03849453675847303,0.035618811028259145,0.055371518141084985,-0.005846591696779702,0.06333580199933775,-0.04453027763798978,0.06333580199933775,98.82380492830407,61.074303628216995,83.72400440826924,EXCELLENT
2021-03-04,2021-03-09,MODERATE,DEFENSIVE,QQQ,TLT,3,True,115.73126220703125,301.837585449,313.803924561,115.05509948730469,0.00587686006739041,-0.038133172262712844,0.0019477718165474833,,,,,-0.005842524369232049,0.0019477718165474833,-0.002854322289646105,0.0019477718165474833,92.37336554745742,50.57086445792922,75.65236511164613,EXCELLENT
2021-03-09,2021-03-11,DEFENSIVE,MODERATE,TLT,QQQ,2,True,301.837585449,116.04015350341797,119.32746887207031,300.976043701,0.0028624927665537037,-0.027548689331344467,-0.002854322289646105,,,,,-0.002854322289646105,0.0,-0.036616245710361484,0.0,99.42750144668926,,,EXCELLENT
2021-03-11,2021-03-30,MODERATE,DEFENSIVE,QQQ,TLT,13,False,116.04015350341797,304.690704346,311.644897461,111.79119873046875,0.03800795430410897,-0.02231447770092332,-0.02122151020916707,-0.019422976847211504,-0.036616245710361484,-0.01345201703001686,,-0.036616245710361484,0.0,0.0,0.0,95.53710445981534,50.0,77.32226267588919,EXCELLENT
2021-03-30,2021-05-06,DEFENSIVE,MODERATE,TLT,QQQ,26,False,304.690704346,117.13104248046875,117.35240173339844,304.690704346,0.0,-0.001886277993973895,0.015303024156933853,0.05322620305010606,0.055039585421537085,0.07059711411337766,0.07851900595835826,0.0,0.08809502704591554,-0.030874640126102415,0.08809502704591554,100.0,65.70380119167166,86.28152047666866,EXCELLENT
2021-05-06,2021-05-12,MODERATE,AGGRESSIVE,QQQ,TQQQ,4,True,24.137840271,307.182006836,329.797302246,22.7560825348,0.060720369338040925,-0.0685733183867312,0.024477091594223177,-0.05724446432185937,,,,-0.05724446432185937,0.024477091594223177,0.0,0.024477091594223177,87.85592613239182,,,EXCELLENT
2021-05-12,2021-06-08,AGGRESSIVE,MODERATE,TQQQ,QQQ,18,False,307.182006836,25.0193080902,25.0193080902,307.182006836,0.0,0.0,0.007731473293186575,0.023730495721683953,0.017987450501779856,0.05440374974801876,,0.0,0.06219820897322448,0.0,0.06219820897322448,100.0,60.880749949603754,84.3522999798415,EXCELLENT
2021-06-08,2021-10-04,MODERATE,AGGRESSIVE,QQQ,TQQQ,82,False,25.0193080902,342.593383789,362.714447021,25.0193080902,0.0,-0.055473564389992736,0.0011425349532825368,0.03999238259078486,0.04932378351755351,0.10026649492287976,0.23062266592256808,0.0,0.23062266592256808,0.0,0.23062266592256808,100.0,96.12453318451361,98.44981327380545,EXCELLENT
2021-10-04,2021-10-25,AGGRESSIVE,MODERATE,TQQQ,QQQ,15,False,342.593383789,34.6677742004,34.6677742004,342.593383789,0.0,0.0,0.013498899884909266,0.029351600290078217,0.016363118090606976,0.05680307497702719,,0.0,0.06990530994827981,0.0,0.06990530994827981,100.0,61.36061499540544,84.54424599816218,EXCELLENT
2021-10-25,2021-12-01,MODERATE,AGGRESSIVE,QQQ,TQQQ,26,False,34.6677742004,376.112335205,392.502624512,34.6677742004,0.0,-0.041758419647201284,0.009345563009818703,0.05071452315735092,0.07675934361166181,0.16726205219812185,0.17509638313410858,0.0,0.2172896216744451,-0.015353708712724123,0.2172896216744451,100.0,85.01927662682172,94.00771065072868,EXCELLENT
2021-12-01,2021-12-07,AGGRESSIVE,MODERATE,TQQQ,QQQ,4,True,376.112335205,39.8898620605,40.7379760742,372.235870361,0.010414001316532362,-0.020818756733403943,0.007206975337627597,-0.0023764956964594797,,,,-0.010306667665890612,0.007206975337627597,-0.12631387081905698,0.007206975337627597,97.91719973669353,,,EXCELLENT
2021-12-07,2022-08-16,MODERATE,DEFENSIVE,QQQ,TLT,173,False,127.54756164550781,324.265808105,325.026977539,120.85859680175781,0.0553453789863354,-0.0023418654037989928,-0.01728433344016489,-0.014171504889904374,-0.0019859535107071835,-0.011270604693863095,-0.052442906453520455,-0.052442906453520455,0.00039771708360269997,-0.11806324797156342,0.00039771708360269997,99.5316269192402,73.61264959431269,89.1640359892692,EXCELLENT
2022-08-16,2022-08-22,DEFENSIVE,MODERATE,TLT,QQQ,4,True,324.265808105,96.3731918334961,101.24060821533203,315.072998047,0.029176762575600756,-0.04807770782533494,-0.011406194620440346,-0.02834961265796887,,,,-0.02834961265796887,0.0,-0.05490322183798113,0.0,94.16464748487985,,,EXCELLENT
2022-08-22,2022-12-02,MODERATE,DEFENSIVE,QQQ,TLT,72,False,96.3731918334961,286.007049561,287.150848389,91.08199310302734,0.05809269813061313,-0.003983268147794261,-0.005503321095198688,0.0009765808223940464,0.00017772567657869942,-0.04387306760930154,-0.05490322183798113,-0.05490322183798113,0.008521332662329906,-0.10879248441169509,0.008521332662329906,99.20334637044115,71.75849688233902,88.2254065752003,EXCELLENT
2022-12-02,2022-12-05,DEFENSIVE,MODERATE,TLT,QQQ,1,True,286.007049561,91.17219543457031,92.4673843383789,286.007049561,0.0,-0.014006981089342063,,,,,,0.0,0.0,-0.05492144766388163,0.0,100.0,,,EXCELLENT
2022-12-05,2023-01-10,MODERATE,DEFENSIVE,QQQ,TLT,24,False,91.17219543457031,267.366729736,267.366729736,86.16488647460938,0.0581131034326432,0.0,0.012880035869089923,0.03390484214303413,0.010228347459549036,-0.00023941178173747524,-0.023593064572897227,-0.05492144766388163,0.03674606836649863,0.0,0.03674606836649863,100.0,50.0,80.0,EXCELLENT
2023-01-10,2023-04-20,DEFENSIVE,MODERATE,TLT,QQQ,69,False,267.366729736,91.56327056884766,94.65052795410156,267.366729736,0.0,-0.03261743438717002,0.01730004989239764,0.029835272462196416,0.01850971907344845,0.054612488675826354,0.11560307738557896,0.0,0.1425426999635715,-0.0277461402150303,0.1425426999635715,100.0,73.12061547711579,89.24824619084632,EXCELLENT
2023-04-20,2023-05-09,MODERATE,AGGRESSIVE,QQQ,TQQQ,13,False,12.9200639725,315.687316895,317.699371338,12.1396598816,0.06428549881227341,-0.006333202469133603,0.0018643797701984877,-0.06040249433447609,0.03243856932071387,-0.008948402859775273,,-0.06040249433447609,0.06040271577300804,0.0,0.06040271577300804,87.14290023754532,56.487713864142776,74.8808256881843,EXCELLENT
2023-05-09,2023-06-20,AGGRESSIVE,MODERATE,TQQQ,QQQ,28,False,315.687316895,19.5583362579,20.0400676727,315.687316895,0.0,-0.02403841257763073,0.01088149558806184,0.010539476174478812,0.017161873011838358,0.0364383115107092,0.08450431642102685,0.0,0.10340741433669254,-0.07565708922211156,0.10340741433669254,100.0,66.90086328420537,86.76034531368215,EXCELLENT
2023-06-20,2023-06-27,MODERATE,AGGRESSIVE,QQQ,TQQQ,5,True,19.5583362579,357.586273193,363.407440186,18.0786094666,0.0818495910337449,-0.016018293378970316,-0.04007703769196569,-0.037606147956624425,,,,-0.07565708922211156,0.0,-5.487571383766543e-05,0.0,83.63008179325102,,,GOOD
2023-06-27,2023-07-18,AGGRESSIVE,MODERATE,TQQQ,QQQ,14,False,357.586273193,22.3844184875,22.3844184875,357.566650391,5.487872534692961e-05,0.0,0.0019514589745543987,0.015364347017411184,0.01772809927907515,0.024709263253041902,,-5.487571383766543e-05,0.05161731024288452,-0.15608805541457782,0.05161731024288452,99.98902425493061,54.94185265060838,81.97015561320171,EXCELLENT
2023-07-18,2023-08-02,MODERATE,AGGRESSIVE,QQQ,TQQQ,11,False,22.3844184875,367.965057373,379.031799316,20.6301994324,0.08503160916345642,-0.029197397060011898,0.0,-0.07836786361368275,-0.05613118809414863,-0.029360809862762682,,-0.07836786361368275,0.0,-0.04343047165970548,0.0,82.99367816730872,44.12783802744747,67.44734211136422,GOOD
2023-08-02,2023-08-18,AGGRESSIVE,MODERATE,TQQQ,QQQ,12,False,367.965057373,17.5905208588,20.3740768433,352.426330566,0.0440907090626419,-0.1366224347688847,-0.001602490867501749,0.0021368480083774344,-0.017308261535670666,-0.031651475404073426,,-0.042228810849418874,0.0021368480083774344,0.0,0.0021368480083774344,91.18185818747162,46.53834769286587,73.32445398962932,EXCELLENT
2023-08-18,2023-08-29,MODERATE,AGGRESSIVE,QQQ,TQQQ,7,False,17.5905208588,368.338531494,368.338531494,17.5905208588,0.0,0.0,0.04835164525412572,0.09285693606297385,0.045055033347890516,,,0.0,0.09285693606297385,-0.05349214070296349,0.09285693606297385,100.0,59.0110066695781,83.60440266783124,EXCELLENT
2023-08-29,2023-09-20,AGGRESSIVE,MODERATE,TQQQ,QQQ,15,False,368.338531494,18.30717659,20.2484283447,364.048828125,0.011783318713299407,-0.0958717250372727,0.0055766841923066135,0.0075244514842323085,-8.011786841921609e-05,-0.001494235530471455,,-0.011646089133278359,0.008805426010807915,-0.08635766604029904,0.008805426010807915,97.64333625734012,49.983976426316154,78.57959232493053,EXCELLENT
2023-09-20,2023-10-25,MODERATE,AGGRESSIVE,QQQ,TQQQ,25,False,18.30717659,344.826202393,365.377593994,16.7262115479,0.09452021084227491,-0.056246994722225496,-0.0569535038390101,-0.043708774314062726,-0.08079476711924816,-0.04794705442342595,-0.028344383807574425,-0.08635766604029904,0.042119002529378946,-0.019067169415700747,0.042119002529378946,81.09595783154502,44.33112323848511,66.39002399432106,GOOD
2023-10-25,2023-12-01,AGGRESSIVE,MODERATE,TQQQ,QQQ,26,False,344.826202393,21.4545574188,21.6776351929,338.251342773,0.01943779310999627,-0.010290687711778768,-0.019067169415700747,-0.0032539284637111976,0.018895919334963596,0.06450879769469497,0.11337560451813755,-0.019067169415700747,0.1153165272245773,-0.03887888793124572,0.1153165272245773,96.11244137800074,72.67512090362752,86.73751318825146,EXCELLENT
2023-12-01,2024-02-22,MODERATE,AGGRESSIVE,QQQ,TQQQ,55,False,21.4545574188,432.263946533,432.263946533,20.6204280853,0.040451601200977905,0.0,-0.028481200868984313,-0.03887888793124572,0.013336246943471242,0.11301987213100118,0.09270536780950511,-0.03887888793124572,0.17012318321708575,-0.009473381376920775,0.17012318321708575,91.90967975980442,72.60397442620024,84.18739762636275,EXCELLENT
2024-02-22,2024-03-28,AGGRESSIVE,MODERATE,TQQQ,QQQ,25,False,432.263946533,30.0932884216,30.6163539886,428.168945312,0.009563984651002722,-0.017084515262488886,-0.002944701248413839,-0.0010728285824426198,0.0021229947566998586,0.01684671280454353,0.019151289232880675,-0.009473381376920775,0.019151289232880675,-0.1962313540437609,0.019151289232880675,98.08720306979946,53.83025784657613,80.38442498051012,EXCELLENT
2024-03-28,2024-04-22,MODERATE,AGGRESSIVE,QQQ,TQQQ,16,False,30.0932884216,413.815582275,440.048339844,24.188041687,0.2441391002634914,-0.05961335424717129,0.006172631365426673,-0.014295058485241041,-0.02761537754390142,-0.04613384207302218,,-0.1962313540437609,0.006172631365426673,0.0,0.006172631365426673,51.17217994730172,44.47692449121972,48.49407776486892,FAIR
2024-04-22,2024-05-21,AGGRESSIVE,MODERATE,TQQQ,QQQ,21,False,413.815582275,31.5647087097,31.5647087097,413.815582275,0.0,0.0,0.014922814010653207,0.013442494341122435,0.03325995771916945,0.0511674525270267,0.08617071102775209,0.0,0.08617071102775209,-0.03159363485250666,0.08617071102775209,100.0,67.23414220555043,86.89365688222017,EXCELLENT
2024-05-21,2024-07-17,MODERATE,AGGRESSIVE,QQQ,TQQQ,38,False,31.5647087097,476.769958496,497.740081787,30.5674648285,0.032624356870780025,-0.04213067032036577,-0.0006194937003803913,0.012080006294587609,0.0017037285277867742,0.04460282127258641,0.1629239425871729,-0.03159363485250666,0.19095585122405168,-0.09755691650062348,0.19095585122405168,93.475128625844,82.58478851743459,89.11899258248023,EXCELLENT
2024-07-17,2024-07-24,AGGRESSIVE,MODERATE,TQQQ,QQQ,5,True,476.769958496,32.1172599792,41.6763725281,470.30770874,0.013740471686745304,-0.2293652726722999,-0.004732570951235693,0.00114166489372991,,,,-0.013554230170847115,0.00114166489372991,-0.18731862458990045,0.00114166489372991,97.25190566265094,,,EXCELLENT
2024-07-24,2024-09-27,MODERATE,DEFENSIVE,QQQ,TLT,46,False,83.60079193115234,482.375183105,485.070739746,83.60079193115234,0.0,-0.005557038221706612,0.008194859461222004,0.021525366173245963,0.035948526897422006,0.051461056279666906,0.08237669450122076,0.0,0.08314428097881277,-0.011258364454080683,0.08314428097881277,98.88859235565867,52.25167289081614,80.23382456972166,EXCELLENT
2024-09-27,2024-10-02,DEFENSIVE,MODERATE,TLT,QQQ,3,True,482.375183105,90.08837890625,91.57281494140625,476.94442749,0.011386558479318687,-0.016210444509170974,0.002711737663575464,,,,,-0.011258364454080683,0.002711737663575464,-0.059082674348648556,0.002711737663575464,97.72268830413626,,,EXCELLENT
2024-10-02,2024-11-06,MODERATE,AGGRESSIVE,QQQ,TQQQ,25,False,34.3030967712,501.035919189,501.035919189,34.2243270874,0.0023015699797062084,0.0,-0.002296284919271141,-0.0011483092667329275,0.06730775967254532,0.049368513306408346,0.07878862824621446,-0.002296284919271141,0.10332948524857044,-0.017821109766846588,0.10332948524857044,99.53968600405875,65.7577256492429,86.0269018621324,EXCELLENT
2024-11-06,2024-11-27,AGGRESSIVE,MODERATE,TQQQ,QQQ,15,False,501.035919189,38.3497619629,40.2647857666,492.106903076,0.01814446425601357,-0.04756075978649643,0.015744235957710462,0.016337854707602517,0.01319288132615215,-0.004766735422613744,,-0.017821109766846588,0.016931168914458672,0.0,0.016931168914458672,96.37110714879728,52.63857626523043,78.87809479537054,EXCELLENT
2024-11-27,2024-12-18,MODERATE,AGGRESSIVE,QQQ,TQQQ,14,False,38.3497619629,511.828094482,533.332946777,38.3497619629,0.0,-0.04032162727796318,0.025545500121949782,0.06816413943400468,0.09807443629607304,0.12349132014121844,,0.0,0.19756086643326531,-0.020476719459112336,0.19756086643326531,100.0,74.69826402824368,89.87930561129747,EXCELLENT
2024-12-18,2025-02-18,AGGRESSIVE,MODERATE,TQQQ,QQQ,39,False,511.828094482,44.6463890076,44.6463890076,501.34753418,0.020904780790718114,0.0,-0.004453366148856719,0.01402425758059378,0.0270759772654241,0.005704470472561507,0.017767016984879147,-0.020476719459112336,0.027774182080386067,-0.3606593269896696,0.027774182080386067,95.81904384185637,55.41519545308482,79.65750448634775,EXCELLENT
2025-02-18,2025-02-27,MODERATE,AGGRESSIVE,QQQ,TQQQ,7,False,44.6463890076,496.573120117,535.53302002,38.3388977051,0.16451937014508755,-0.07274976228645058,0.0001105625406605526,-0.07390200245619749,-0.14127662824929232,,,-0.14127662824929232,0.0001105625406605526,-0.06382550621051009,0.0001105625406605526,67.09612597098248,21.744674350141537,48.95554532264611,FAIR
2025-02-27,2025-03-03,AGGRESSIVE,MODERATE,TQQQ,QQQ,2,True,496.573120117,34.6146583557,44.6513252258,496.573120117,0.0,-0.224778700729373,0.015791396945030733,,,,,0.0,0.015791396945030733,-0.1799507385077017,0.015791396945030733,100.0,,,EXCELLENT
2025-03-03,2025-03-17,MODERATE,DEFENSIVE,QQQ,TLT,10,False,86.89341735839844,479.202392578,498.300231934,84.34961700439453,0.03015781747854729,-0.03832596922918852,-0.012314986337168876,-0.023441663723844486,-0.0164198061793821,,,-0.029274948912548893,0.0,-0.13689651026381733,0.0,92.3348061541623,77.37930205276346,86.35260451360276,EXCELLENT
2025-03-17,2025-03-18,DEFENSIVE,MODERATE,TLT,QQQ,1,True,479.202392578,85.1474838256836,85.82332611083984,479.202392578,0.0,-0.007874808816934031,,,,,,0.0,0.0,-0.04386955330031017,0.0,100.0,,,EXCELLENT
2025-03-18,2025-05-08,MODERATE,DEFENSIVE,QQQ,TLT,36,False,85.1474838256836,485.404418945,485.941192627,81.41210174560547,0.04588239340326039,-0.0011046062571856696,0.0051812422275765435,-0.00011030020202584812,-0.010472784657179157,0.01222378916407596,-0.02838021510062627,-0.04386955330031017,0.027270403319722414,-0.0006552983524363842,0.027270403319722414,99.77907874856287,50.131059670487275,79.91987111733263,EXCELLENT
2025-05-08,2025-06-04,DEFENSIVE,MODERATE,TLT,QQQ,18,False,485.404418945,81.98738098144531,81.98738098144531,485.086334229,0.0006557280499470686,0.0,-0.0006552983524363842,0.05590940423242219,0.06340481532057751,0.052653282478452246,,-0.0006552983524363842,0.0798909474913414,-0.012038432011166722,0.0798909474913414,99.86885439001058,62.6809630641155,84.99369785965254,EXCELLENT
2025-06-04,2025-10-13,MODERATE,AGGRESSIVE,QQQ,TQQQ,90,False,36.5942993164,599.819030762,609.21472168,35.7422332764,0.023839194193906232,-0.015422626183572818,-0.023284119546405302,0.009070073771060061,0.018004631721551423,-0.005550206734221352,0.15131164718922463,-0.023284119546405302,0.15131164718922463,-0.006660944590111462,0.15131164718922463,95.23216116121876,80.26232943784493,89.24422847186922,EXCELLENT
2025-10-13,2025-11-20,AGGRESSIVE,MODERATE,TQQQ,QQQ,28,False,599.819030762,46.1944732666,56.0449790955,595.823669434,0.006705610288687325,-0.17576071912017044,-0.006660944590111462,-0.0033554025043908142,0.01583027514304991,0.043321578825181506,0.03524866864950993,-0.006660944590111462,0.05607892598583919,0.0,0.05607892598583919,98.65887794226254,58.6643157650363,82.66105307137204,EXCELLENT
2025-11-20,2025-11-25,MODERATE,DEFENSIVE,QQQ,TLT,3,True,86.25648498535156,606.674072266,619.307861328,86.25648498535156,0.0,-0.020399852562680065,0.0030257009449123906,,,,,0.0,0.008741257813460468,-0.01392711364512611,0.008741257813460468,95.92002948746399,52.78542272902522,78.66618678408848,EXCELLENT
2025-11-25,2025-12-16,DEFENSIVE,MODERATE,TLT,QQQ,14,False,606.674072266,85.25482940673828,86.39958190917969,606.674072266,0.0,-0.013249514374325644,0.008835636476070885,0.013598332673400826,0.02402716849519293,0.030744340801203585,,0.0,0.030744340801203585,-0.005818146478045905,0.030744340801203585,100.0,56.14886816024072,82.45954726409629,EXCELLENT
2025-12-16,2026-02-06,MODERATE,AGGRESSIVE,QQQ,TQQQ,35,False,52.0421257019,608.213867188,631.72833252,49.128238678,0.05931185612002943,-0.03722243268431458,-0.05599093012823675,0.02274028184357557,0.05121329759215998,0.009030142573189348,0.040801593195154195,-0.05599093012823675,0.06970202230166711,-0.016238875036940104,0.06970202230166711,88.13762877599412,60.24265951843199,76.97964107296926,EXCELLENT
2026-02-06,2026-03-27,AGGRESSIVE,MODERATE,TQQQ,QQQ,34,False,608.213867188,38.6909141541,47.9700584412,598.337158203,0.01650692899411932,-0.19343616807292507,0.007660128835174751,0.005675377440766294,-0.01267940836116499,-0.013516038573745504,-0.0031001579949461178,-0.016238875036940104,0.011531186828123152,-0.022949954308740694,0.011531186828123152,96.69861420117614,49.37996840101078,77.77115588110999,EXCELLENT
2026-03-27,2026-04-20,MODERATE,DEFENSIVE,QQQ,TLT,15,False,84.00251007080078,646.079956055,648.137695312,84.00251007080078,0.0,-0.003174848912327888,0.013311533292638345,0.01126419195273698,0.0158363333062983,0.01700868190071958,,0.0,0.02240141277632901,-0.0038033611288675884,0.02240141277632901,99.36503021753443,50.76067222577352,79.92328702083006,EXCELLENT
2026-04-20,2026-06-03,DEFENSIVE,MODERATE,TLT,QQQ,31,False,646.079956055,84.65506744384766,84.9924545288086,643.622680664,0.003817881912528298,-0.003969612206535134,-0.0038033611288675884,0.007158462233126883,0.02696399768129787,0.04033773393332374,0.0913588882162677,-0.0038033611288675884,0.1128650721270672,-0.008088116079538854,0.1128650721270672,99.23642361749434,68.27177764325354,86.85056522779801,EXCELLENT
2026-06-03,2026-06-05,MODERATE,AGGRESSIVE,QQQ,TQQQ,2,True,86.3611526489,704.286010742,745.340881348,85.0242385864,0.015723916905665103,-0.05508200560762144,-0.015480502766506699,,,,,-0.015480502766506699,0.0,-0.016126236694712137,0.0,96.85521661886698,,,EXCELLENT
2026-06-05,2026-06-08,AGGRESSIVE,MODERATE,TQQQ,QQQ,1,True,704.286010742,76.0947952271,87.0196456909,704.286010742,0.0,-0.1255446442818885,,,,,,0.0,0.0,-0.09177927143317643,0.0,100.0,,,EXCELLENT
2026-06-08,2026-07-28,MODERATE,DEFENSIVE,QQQ,TLT,34,False,83.97036743164062,675.489990234,719.690002441,83.97036743164062,0.0,-0.06141534835427087,0.005908779843731171,0.016071902980911323,0.012999261141302343,0.018671628007723706,0.0006093857950872916,0.0,0.03344362304614035,-0.020370412535992255,0.03344362304614035,87.71693032914582,54.074082507198455,74.25979120036688,EXCELLENT
2026-07-28,2026-07-29,DEFENSIVE,MODERATE,TLT,QQQ,1,True,675.489990234,82.51759338378906,84.1808853149414,675.489990234,0.0,-0.019758546431646096,,,,,,0.0,0.0,-0.014149648114887281,0.0,100.0,,,EXCELLENT
2026-07-29,2026-08-04,MODERATE,DEFENSIVE,QQQ,TLT,4,True,82.51759338378906,723.849975586,723.849975586,81.91999816894531,0.007294863625501025,0.0,-0.0006034720120091652,-0.003969952696744161,,,,-0.0072420339752801155,0.0,-0.012709748542233723,0.0,100.0,52.541949708446744,81.0167798833787,EXCELLENT
2026-08-04,2026-08-05,DEFENSIVE,MODERATE,TLT,QQQ,1,True,723.849975586,83.0,83.90201568603516,723.849975586,0.0,-0.01075082259537763,,,,,,0.0,0.0,-0.019879536456372415,0.0,100.0,,,EXCELLENT
2026-08-05,,MODERATE,DEFENSIVE,QQQ,TLT,8,False,83.0,,,82.04000091552734,0.011701597681125442,,-0.0057831729751035565,-0.01132533061935237,-0.01072288421263179,,,-0.011566254029791057,0.0,,0.0,,,,N/A
