Section,Rank,Strategy,Date,From State,To State,From Asset,To Asset,Trade,Whipsaw,Duration Days,Exit Timing,Re-entry Timing,Downside Avoided,Whipsaw Severity,Transition Quality,_strategy_priority,Strategy Variants,Strategies Affected
TOP_LATE_EXITS,1.0,A-RVol v3 (NASDAQ 2-State Cash),1998-08-27,MODERATE,DEFENSIVE,TQQQ,CASH,True,True,3,-0.3912752067951167,,0.0256228960314072,,35.09680686709857,0.0,6.0,A-RVol v3 (NASDAQ 2-State Cash) | A-RVol v3 (NASDAQ 2-State) | A-RVol v3 (NASDAQ) | A-RVol v3 (NASDAQ QQQ Moderate) | A-RVol v3 (NASDAQ Cash Defensive) | A-RVol v3 (NASDAQ 2-State SQQQ)
TOP_LATE_EXITS,3.0,A-RVol v3 (NASDAQ 2-State Cash),1997-10-24,MODERATE,DEFENSIVE,TQQQ,CASH,True,True,2,-0.2435434820855706,,0.1935010219114414,,66.25486390264683,0.0,6.0,A-RVol v3 (NASDAQ 2-State Cash) | A-RVol v3 (NASDAQ 2-State) | A-RVol v3 (NASDAQ) | A-RVol v3 (NASDAQ QQQ Moderate) | A-RVol v3 (NASDAQ Cash Defensive) | A-RVol v3 (NASDAQ 2-State SQQQ)
TOP_LATE_EXITS,5.0,A-RVol v3 (NASDAQ 2-State Cash),2015-08-21,MODERATE,DEFENSIVE,TQQQ,CASH,True,True,3,-0.2277175398496347,,0.0568303938234581,,57.22032672392048,0.0,7.0,A-RVol v3 (NASDAQ 2-State Cash) | A-RVol v3 (NASDAQ 2-State) | A-RVol v3 (NASDAQ) | A-RVol v3 (NASDAQ QQQ Moderate) | A-RVol v3 (S&P 500) | A-RVol v3 (NASDAQ Cash Defensive) | A-RVol v3 (NASDAQ 2-State SQQQ)
TOP_LATE_EXITS,6.0,A-RVol v3 (NASDAQ 2-State Cash),1996-07-05,MODERATE,DEFENSIVE,TQQQ,CASH,True,False,8,-0.2165517573612416,,0.1574149991277106,,66.60698904686785,0.0,6.0,A-RVol v3 (NASDAQ 2-State Cash) | A-RVol v3 (NASDAQ 2-State) | A-RVol v3 (NASDAQ) | A-RVol v3 (NASDAQ QQQ Moderate) | A-RVol v3 (NASDAQ 2-State SQQQ) | A-RVol v3 (NASDAQ Cash Defensive)
TOP_LATE_EXITS,7.0,A-RVol v3 (NASDAQ 2-State Cash),2026-06-08,MODERATE,DEFENSIVE,TQQQ,CASH,True,False,34,-0.1794187666234452,,0.0618908591342638,,63.42101673592767,0.0,6.0,A-RVol v3 (NASDAQ 2-State Cash) | A-RVol v3 (NASDAQ 2-State) | A-RVol v3 (NASDAQ) | A-RVol v3 (NASDAQ 2-State SQQQ) | A-RVol v3 (NASDAQ QQQ Moderate) | A-RVol v3 (NASDAQ Cash Defensive)
TOP_LATE_EXITS,9.0,A-RVol v3 (NASDAQ 2-State Cash),2010-05-06,MODERATE,DEFENSIVE,TQQQ,CASH,True,True,2,-0.1656039803705303,,0.2246359974681079,,78.09840215298499,0.0,7.0,A-RVol v3 (NASDAQ 2-State Cash) | A-RVol v3 (NASDAQ 2-State) | A-RVol v3 (NASDAQ) | A-RVol v3 (NASDAQ QQQ Moderate) | A-RVol v3 (S&P 500) | A-RVol v3 (NASDAQ Cash Defensive) | A-RVol v3 (NASDAQ 2-State SQQQ)
TOP_LATE_EXITS,10.0,A-RVol v3 (NASDAQ 2-State Cash),1995-10-04,MODERATE,DEFENSIVE,TQQQ,CASH,True,True,5,-0.163270951213431,,0.0,,60.40748585438827,0.0,6.0,A-RVol v3 (NASDAQ 2-State Cash) | A-RVol v3 (NASDAQ 2-State) | A-RVol v3 (NASDAQ) | A-RVol v3 (NASDAQ QQQ Moderate) | A-RVol v3 (NASDAQ 2-State SQQQ) | A-RVol v3 (NASDAQ Cash Defensive)
TOP_LATE_EXITS,11.0,A-RVol v3 (NASDAQ 2-State Cash),2009-07-06,MODERATE,DEFENSIVE,TQQQ,CASH,True,True,1,-0.1552454981623757,,0.0,,61.37054022051491,0.0,7.0,A-RVol v3 (NASDAQ 2-State Cash) | A-RVol v3 (NASDAQ 2-State) | A-RVol v3 (NASDAQ) | A-RVol v3 (NASDAQ QQQ Moderate) | A-RVol v3 (S&P 500) | A-RVol v3 (NASDAQ Cash Defensive) | A-RVol v3 (NASDAQ 2-State SQQQ)
TOP_LATE_EXITS,14.0,A-RVol v3 (NASDAQ 2-State Cash),1994-04-05,MODERATE,DEFENSIVE,TQQQ,CASH,True,False,29,-0.1389627078345643,,0.0,,63.32447505985228,0.0,6.0,A-RVol v3 (NASDAQ 2-State Cash) | A-RVol v3 (NASDAQ 2-State) | A-RVol v3 (NASDAQ) | A-RVol v3 (NASDAQ QQQ Moderate) | A-RVol v3 (NASDAQ 2-State SQQQ) | A-RVol v3 (NASDAQ Cash Defensive)
TOP_LATE_EXITS,15.0,A-RVol v3 (NASDAQ 2-State Cash),1993-03-02,MODERATE,DEFENSIVE,TQQQ,CASH,True,False,200,-0.1385690113732324,,0.0,,63.37171863521211,0.0,6.0,A-RVol v3 (NASDAQ 2-State Cash) | A-RVol v3 (NASDAQ 2-State) | A-RVol v3 (NASDAQ) | A-RVol v3 (NASDAQ QQQ Moderate) | A-RVol v3 (NASDAQ 2-State SQQQ) | A-RVol v3 (NASDAQ Cash Defensive)
TOP_LATE_EXITS,16.0,A-RVol v3 (NASDAQ 2-State Cash),2009-07-08,MODERATE,DEFENSIVE,TQQQ,CASH,True,True,1,-0.1369559540678433,,0.0,,63.5652855118588,0.0,7.0,A-RVol v3 (NASDAQ 2-State Cash) | A-RVol v3 (NASDAQ 2-State) | A-RVol v3 (NASDAQ) | A-RVol v3 (NASDAQ QQQ Moderate) | A-RVol v3 (S&P 500) | A-RVol v3 (NASDAQ Cash Defensive) | A-RVol v3 (NASDAQ 2-State SQQQ)
TOP_LATE_EXITS,17.0,A-RVol v3 (NASDAQ 2-State Cash),1995-07-11,MODERATE,DEFENSIVE,TQQQ,CASH,True,False,54,-0.1351956562703236,,0.1803197690109931,,78.20210276844062,0.0,6.0,A-RVol v3 (NASDAQ 2-State Cash) | A-RVol v3 (NASDAQ 2-State) | A-RVol v3 (NASDAQ) | A-RVol v3 (NASDAQ QQQ Moderate) | A-RVol v3 (NASDAQ 2-State SQQQ) | A-RVol v3 (NASDAQ Cash Defensive)
TOP_LATE_EXITS,18.0,A-RVol v3 (NASDAQ 2-State Cash),1993-02-17,MODERATE,DEFENSIVE,TQQQ,CASH,True,False,6,-0.1335397999924462,,0.0401001843712306,,67.1832387506049,0.0,6.0,A-RVol v3 (NASDAQ 2-State Cash) | A-RVol v3 (NASDAQ 2-State) | A-RVol v3 (NASDAQ) | A-RVol v3 (NASDAQ QQQ Moderate) | A-RVol v3 (NASDAQ 2-State SQQQ) | A-RVol v3 (NASDAQ Cash Defensive)
TOP_LATE_EXITS,19.0,A-RVol v3 (NASDAQ 2-State Cash),2021-03-04,MODERATE,DEFENSIVE,TQQQ,CASH,True,True,3,-0.1276618497801263,,0.0085259291488892,,65.36265235829599,0.0,6.0,A-RVol v3 (NASDAQ 2-State Cash) | A-RVol v3 (NASDAQ 2-State) | A-RVol v3 (NASDAQ) | A-RVol v3 (NASDAQ QQQ Moderate) | A-RVol v3 (NASDAQ Cash Defensive) | A-RVol v3 (NASDAQ 2-State SQQQ)
TOP_LATE_EXITS,20.0,A-RVol v3 (NASDAQ 2-State Cash),2025-03-03,MODERATE,DEFENSIVE,TQQQ,CASH,True,False,10,-0.1238716257086207,,0.3816014499306901,,85.1354049149655,0.0,6.0,A-RVol v3 (NASDAQ 2-State Cash) | A-RVol v3 (NASDAQ 2-State) | A-RVol v3 (NASDAQ) | A-RVol v3 (NASDAQ 2-State SQQQ) | A-RVol v3 (NASDAQ QQQ Moderate) | A-RVol v3 (NASDAQ Cash Defensive)
TOP_LATE_EXITS,2.0,A-RVol v3 (Semiconductors),2011-07-18,MODERATE,DEFENSIVE,USD,TLT,True,False,16,-0.2477379956441945,,0.1229118103024557,,60.104385346893125,100.0,1.0,A-RVol v3 (Semiconductors)
TOP_LATE_EXITS,4.0,A-RVol v3 (Semiconductors),2025-01-27,MODERATE,DEFENSIVE,USD,TLT,True,False,7,-0.2295383294767485,,0.2551924131215685,,72.45540046279017,100.0,1.0,A-RVol v3 (Semiconductors)
TOP_LATE_EXITS,8.0,A-RVol v3 (Semiconductors),2015-08-14,MODERATE,DEFENSIVE,USD,TLT,True,False,8,-0.168928151355139,,0.0,,59.72862183738331,100.0,1.0,A-RVol v3 (Semiconductors)
TOP_LATE_EXITS,12.0,A-RVol v3 (Semiconductors),2024-04-19,MODERATE,DEFENSIVE,USD,TLT,True,True,4,-0.1509949865800826,,0.0360456436448648,,64.76425310197928,100.0,1.0,A-RVol v3 (Semiconductors)
TOP_LATE_EXITS,13.0,A-RVol v3 (Semiconductors),2018-10-10,MODERATE,DEFENSIVE,USD,TLT,True,True,4,-0.1446599029026632,,0.2141402181263232,,79.77202910178627,100.0,1.0,A-RVol v3 (Semiconductors)
TOP_LATE_RE-ENTRIES,1.0,A-RVol v3 (NASDAQ 2-State Cash),2000-08-24,DEFENSIVE,MODERATE,CASH,TQQQ,True,False,17,,0.3813577524389044,,,41.806245798610746,0.0,6.0,A-RVol v3 (NASDAQ 2-State Cash) | A-RVol v3 (NASDAQ 2-State) | A-RVol v3 (NASDAQ) | A-RVol v3 (NASDAQ QQQ Moderate) | A-RVol v3 (NASDAQ Cash Defensive) | A-RVol v3 (NASDAQ 2-State SQQQ)
TOP_LATE_RE-ENTRIES,3.0,A-RVol v3 (NASDAQ 2-State Cash),1999-07-08,DEFENSIVE,MODERATE,CASH,TQQQ,True,False,70,,0.2910211586878233,,,50.41872440272559,0.0,6.0,A-RVol v3 (NASDAQ 2-State Cash) | A-RVol v3 (NASDAQ 2-State) | A-RVol v3 (NASDAQ) | A-RVol v3 (NASDAQ QQQ Moderate) | A-RVol v3 (NASDAQ Cash Defensive) | A-RVol v3 (NASDAQ 2-State SQQQ)
TOP_LATE_RE-ENTRIES,7.0,A-RVol v3 (NASDAQ 2-State Cash),2020-10-23,DEFENSIVE,MODERATE,CASH,TQQQ,True,False,27,,0.1860366559590831,,,64.6246259413976,0.0,6.0,A-RVol v3 (NASDAQ 2-State Cash) | A-RVol v3 (NASDAQ 2-State) | A-RVol v3 (NASDAQ) | A-RVol v3 (NASDAQ QQQ Moderate) | A-RVol v3 (NASDAQ Cash Defensive) | A-RVol v3 (NASDAQ 2-State SQQQ)
TOP_LATE_RE-ENTRIES,9.0,A-RVol v3 (NASDAQ 2-State Cash),1998-01-06,DEFENSIVE,MODERATE,CASH,TQQQ,True,False,58,,0.1741392831964223,,,79.10328601642931,0.0,6.0,A-RVol v3 (NASDAQ 2-State Cash) | A-RVol v3 (NASDAQ 2-State) | A-RVol v3 (NASDAQ) | A-RVol v3 (NASDAQ QQQ Moderate) | A-RVol v3 (NASDAQ Cash Defensive) | A-RVol v3 (NASDAQ 2-State SQQQ)
TOP_LATE_RE-ENTRIES,11.0,A-RVol v3 (NASDAQ 2-State Cash),2009-06-04,DEFENSIVE,MODERATE,CASH,TQQQ,True,False,21,,0.154993209824886,,,62.02288877931933,0.0,6.0,A-RVol v3 (NASDAQ 2-State Cash) | A-RVol v3 (NASDAQ 2-State) | A-RVol v3 (NASDAQ) | A-RVol v3 (NASDAQ QQQ Moderate) | A-RVol v3 (NASDAQ Cash Defensive) | A-RVol v3 (NASDAQ 2-State SQQQ)
TOP_LATE_RE-ENTRIES,12.0,A-RVol v3 (NASDAQ 2-State Cash),1997-05-23,DEFENSIVE,MODERATE,CASH,TQQQ,True,False,107,,0.1368433479476569,,,64.29212000527441,0.0,6.0,A-RVol v3 (NASDAQ 2-State Cash) | A-RVol v3 (NASDAQ 2-State) | A-RVol v3 (NASDAQ) | A-RVol v3 (NASDAQ QQQ Moderate) | A-RVol v3 (NASDAQ Cash Defensive) | A-RVol v3 (NASDAQ 2-State SQQQ)
TOP_LATE_RE-ENTRIES,20.0,A-RVol v3 (NASDAQ 2-State Cash),1999-01-06,DEFENSIVE,MODERATE,CASH,TQQQ,True,False,13,,0.1025959529865794,,,65.83330087125866,0.0,6.0,A-RVol v3 (NASDAQ 2-State Cash) | A-RVol v3 (NASDAQ 2-State) | A-RVol v3 (NASDAQ) | A-RVol v3 (NASDAQ QQQ Moderate) | A-RVol v3 (NASDAQ Cash Defensive) | A-RVol v3 (NASDAQ 2-State SQQQ)
TOP_LATE_RE-ENTRIES,4.0,A-RVol v3 (S&P 500),2022-01-12,DEFENSIVE,MODERATE,TLT,SSO,True,False,11,,0.1956953257882097,,,48.41594585461012,100.0,1.0,A-RVol v3 (S&P 500)
TOP_LATE_RE-ENTRIES,2.0,A-RVol v3 (Semiconductors),2025-11-03,DEFENSIVE,MODERATE,TLT,USD,True,False,15,,0.3014567647323056,,,39.26394792628434,100.0,1.0,A-RVol v3 (Semiconductors)
TOP_LATE_RE-ENTRIES,5.0,A-RVol v3 (Semiconductors),2025-02-18,DEFENSIVE,MODERATE,TLT,USD,True,False,7,,0.1946430420437319,,,43.60844491899741,100.0,1.0,A-RVol v3 (Semiconductors)
TOP_LATE_RE-ENTRIES,6.0,A-RVol v3 (Semiconductors),2024-04-01,DEFENSIVE,MODERATE,TLT,USD,True,False,14,,0.1922620217381789,,,51.81607628437626,100.0,1.0,A-RVol v3 (Semiconductors)
TOP_LATE_RE-ENTRIES,8.0,A-RVol v3 (Semiconductors),2021-04-27,DEFENSIVE,MODERATE,TLT,USD,True,False,11,,0.1790659426115053,,,48.81113460285278,100.0,1.0,A-RVol v3 (Semiconductors)
TOP_LATE_RE-ENTRIES,10.0,A-RVol v3 (Semiconductors),2010-08-06,DEFENSIVE,MODERATE,TLT,USD,True,False,10,,0.1682198983766119,,,48.2938701592275,100.0,2.0,A-RVol v3 (Semiconductors) | A-RVol v3 (S&P 500)
TOP_LATE_RE-ENTRIES,13.0,A-RVol v3 (Semiconductors),2012-10-16,DEFENSIVE,MODERATE,TLT,USD,True,False,20,,0.1320345336829995,,,64.68592205756738,100.0,1.0,A-RVol v3 (Semiconductors)
TOP_LATE_RE-ENTRIES,14.0,A-RVol v3 (Semiconductors),2019-09-16,DEFENSIVE,MODERATE,TLT,USD,True,False,45,,0.1217396784778717,,,63.53467769395978,100.0,1.0,A-RVol v3 (Semiconductors)
TOP_LATE_RE-ENTRIES,15.0,A-RVol v3 (Semiconductors),2024-12-04,DEFENSIVE,MODERATE,TLT,USD,True,False,34,,0.1206219979376181,,,69.6189801116034,100.0,1.0,A-RVol v3 (Semiconductors)
TOP_LATE_RE-ENTRIES,16.0,A-RVol v3 (Semiconductors),2026-01-09,DEFENSIVE,MODERATE,TLT,USD,True,False,19,,0.1181117578956805,,,69.29099319354567,100.0,1.0,A-RVol v3 (Semiconductors)
TOP_LATE_RE-ENTRIES,17.0,A-RVol v3 (Semiconductors),2018-03-08,DEFENSIVE,MODERATE,TLT,USD,True,False,12,,0.1112494206271483,,,69.4635059054544,100.0,1.0,A-RVol v3 (Semiconductors)
TOP_LATE_RE-ENTRIES,18.0,A-RVol v3 (Semiconductors),2023-06-20,DEFENSIVE,MODERATE,TLT,USD,True,False,37,,0.1070328281280703,,,74.63114174998529,100.0,1.0,A-RVol v3 (Semiconductors)
TOP_LATE_RE-ENTRIES,19.0,A-RVol v3 (Semiconductors),2024-10-10,DEFENSIVE,MODERATE,TLT,USD,True,False,34,,0.1033841902826708,,,75.35321305861714,100.0,1.0,A-RVol v3 (Semiconductors)
TOP_WHIPSAWS,1.0,A-RVol v3 (NASDAQ 2-State Cash),1998-08-27,MODERATE,DEFENSIVE,TQQQ,CASH,True,True,3,-0.3912752067951167,,0.0256228960314072,0.3912752067951167,35.09680686709857,0.0,6.0,A-RVol v3 (NASDAQ 2-State Cash) | A-RVol v3 (NASDAQ 2-State) | A-RVol v3 (NASDAQ) | A-RVol v3 (NASDAQ QQQ Moderate) | A-RVol v3 (NASDAQ Cash Defensive) | A-RVol v3 (NASDAQ 2-State SQQQ)
TOP_WHIPSAWS,2.0,A-RVol v3 (NASDAQ 2-State Cash),1997-10-24,MODERATE,DEFENSIVE,TQQQ,CASH,True,True,2,-0.2435434820855706,,0.1935010219114414,0.2435434820855706,66.25486390264683,0.0,6.0,A-RVol v3 (NASDAQ 2-State Cash) | A-RVol v3 (NASDAQ 2-State) | A-RVol v3 (NASDAQ) | A-RVol v3 (NASDAQ QQQ Moderate) | A-RVol v3 (NASDAQ Cash Defensive) | A-RVol v3 (NASDAQ 2-State SQQQ)
TOP_WHIPSAWS,3.0,A-RVol v3 (NASDAQ 2-State Cash),2015-08-21,MODERATE,DEFENSIVE,TQQQ,CASH,True,True,3,-0.2277175398496347,,0.0568303938234581,0.2277175398496347,57.22032672392048,0.0,7.0,A-RVol v3 (NASDAQ 2-State Cash) | A-RVol v3 (NASDAQ 2-State) | A-RVol v3 (NASDAQ) | A-RVol v3 (NASDAQ QQQ Moderate) | A-RVol v3 (S&P 500) | A-RVol v3 (NASDAQ Cash Defensive) | A-RVol v3 (NASDAQ 2-State SQQQ)
TOP_WHIPSAWS,4.0,A-RVol v3 (NASDAQ 2-State Cash),2010-05-06,MODERATE,DEFENSIVE,TQQQ,CASH,True,True,2,-0.1656039803705303,,0.2246359974681079,0.1656039803705303,78.09840215298499,0.0,7.0,A-RVol v3 (NASDAQ 2-State Cash) | A-RVol v3 (NASDAQ 2-State) | A-RVol v3 (NASDAQ) | A-RVol v3 (NASDAQ QQQ Moderate) | A-RVol v3 (S&P 500) | A-RVol v3 (NASDAQ Cash Defensive) | A-RVol v3 (NASDAQ 2-State SQQQ)
TOP_WHIPSAWS,5.0,A-RVol v3 (NASDAQ 2-State Cash),1995-10-04,MODERATE,DEFENSIVE,TQQQ,CASH,True,True,5,-0.163270951213431,,0.0,0.163270951213431,60.40748585438827,0.0,6.0,A-RVol v3 (NASDAQ 2-State Cash) | A-RVol v3 (NASDAQ 2-State) | A-RVol v3 (NASDAQ) | A-RVol v3 (NASDAQ QQQ Moderate) | A-RVol v3 (NASDAQ 2-State SQQQ) | A-RVol v3 (NASDAQ Cash Defensive)
TOP_WHIPSAWS,6.0,A-RVol v3 (NASDAQ 2-State Cash),2009-07-06,MODERATE,DEFENSIVE,TQQQ,CASH,True,True,1,-0.1552454981623757,,0.0,0.1552454981623757,61.37054022051491,0.0,7.0,A-RVol v3 (NASDAQ 2-State Cash) | A-RVol v3 (NASDAQ 2-State) | A-RVol v3 (NASDAQ) | A-RVol v3 (NASDAQ QQQ Moderate) | A-RVol v3 (S&P 500) | A-RVol v3 (NASDAQ Cash Defensive) | A-RVol v3 (NASDAQ 2-State SQQQ)
TOP_WHIPSAWS,9.0,A-RVol v3 (NASDAQ 2-State Cash),2009-07-08,MODERATE,DEFENSIVE,TQQQ,CASH,True,True,1,-0.1369559540678433,,0.0,0.1369559540678433,63.5652855118588,0.0,7.0,A-RVol v3 (NASDAQ 2-State Cash) | A-RVol v3 (NASDAQ 2-State) | A-RVol v3 (NASDAQ) | A-RVol v3 (NASDAQ QQQ Moderate) | A-RVol v3 (S&P 500) | A-RVol v3 (NASDAQ Cash Defensive) | A-RVol v3 (NASDAQ 2-State SQQQ)
TOP_WHIPSAWS,10.0,A-RVol v3 (NASDAQ 2-State Cash),2021-03-04,MODERATE,DEFENSIVE,TQQQ,CASH,True,True,3,-0.1276618497801263,,0.0085259291488892,0.1276618497801263,65.36265235829599,0.0,6.0,A-RVol v3 (NASDAQ 2-State Cash) | A-RVol v3 (NASDAQ 2-State) | A-RVol v3 (NASDAQ) | A-RVol v3 (NASDAQ QQQ Moderate) | A-RVol v3 (NASDAQ Cash Defensive) | A-RVol v3 (NASDAQ 2-State SQQQ)
TOP_WHIPSAWS,11.0,A-RVol v3 (NASDAQ 2-State Cash),2012-05-31,MODERATE,DEFENSIVE,TQQQ,CASH,True,True,1,-0.1138336565764097,,0.0,0.1138336565764097,66.33996121083082,0.0,7.0,A-RVol v3 (NASDAQ 2-State Cash) | A-RVol v3 (NASDAQ 2-State) | A-RVol v3 (NASDAQ) | A-RVol v3 (NASDAQ QQQ Moderate) | A-RVol v3 (Semiconductors) | A-RVol v3 (NASDAQ Cash Defensive) | A-RVol v3 (NASDAQ 2-State SQQQ)
TOP_WHIPSAWS,13.0,A-RVol v3 (NASDAQ 2-State Cash),2015-12-11,MODERATE,DEFENSIVE,TQQQ,CASH,True,True,1,-0.0942156822286026,,0.2452682186334881,0.0942156822286026,88.31557562324673,0.0,7.0,A-RVol v3 (NASDAQ 2-State Cash) | A-RVol v3 (NASDAQ 2-State) | A-RVol v3 (NASDAQ) | A-RVol v3 (NASDAQ QQQ Moderate) | A-RVol v3 (Semiconductors) | A-RVol v3 (NASDAQ Cash Defensive) | A-RVol v3 (NASDAQ 2-State SQQQ)
TOP_WHIPSAWS,14.0,A-RVol v3 (NASDAQ 2-State Cash),2022-08-16,DEFENSIVE,MODERATE,CASH,TQQQ,True,True,4,,0.0930695112172539,,0.0930695112172539,,0.0,6.0,A-RVol v3 (NASDAQ 2-State Cash) | A-RVol v3 (NASDAQ 2-State) | A-RVol v3 (NASDAQ) | A-RVol v3 (NASDAQ QQQ Moderate) | A-RVol v3 (NASDAQ Cash Defensive) | A-RVol v3 (NASDAQ 2-State SQQQ)
TOP_WHIPSAWS,16.0,A-RVol v3 (NASDAQ 2-State Cash),2009-08-31,MODERATE,DEFENSIVE,TQQQ,CASH,True,True,1,-0.0855331802074255,,0.0030310212495276,0.0855331802074255,69.97850007507115,0.0,7.0,A-RVol v3 (NASDAQ 2-State Cash) | A-RVol v3 (NASDAQ 2-State) | A-RVol v3 (NASDAQ) | A-RVol v3 (NASDAQ QQQ Moderate) | A-RVol v3 (S&P 500) | A-RVol v3 (NASDAQ Cash Defensive) | A-RVol v3 (NASDAQ 2-State SQQQ)
TOP_WHIPSAWS,17.0,A-RVol v3 (NASDAQ 2-State Cash),2012-06-04,MODERATE,DEFENSIVE,TQQQ,CASH,True,True,1,-0.0823656947571394,,0.0,0.0823656947571394,70.11611662914328,0.0,7.0,A-RVol v3 (NASDAQ 2-State Cash) | A-RVol v3 (NASDAQ 2-State) | A-RVol v3 (NASDAQ) | A-RVol v3 (NASDAQ QQQ Moderate) | A-RVol v3 (Semiconductors) | A-RVol v3 (NASDAQ Cash Defensive) | A-RVol v3 (NASDAQ 2-State SQQQ)
TOP_WHIPSAWS,18.0,A-RVol v3 (NASDAQ 2-State Cash),2009-07-10,MODERATE,DEFENSIVE,TQQQ,CASH,True,True,1,-0.0769111243444909,,0.0,0.0769111243444909,70.77066507866108,0.0,6.0,A-RVol v3 (NASDAQ 2-State Cash) | A-RVol v3 (NASDAQ 2-State) | A-RVol v3 (NASDAQ) | A-RVol v3 (NASDAQ QQQ Moderate) | A-RVol v3 (NASDAQ Cash Defensive) | A-RVol v3 (NASDAQ 2-State SQQQ)
TOP_WHIPSAWS,19.0,A-RVol v3 (NASDAQ 2-State Cash),2025-11-20,MODERATE,DEFENSIVE,TQQQ,CASH,True,True,3,-0.0694220592273927,,0.050182663235429,0.0694220592273927,75.6839659515472,0.0,6.0,A-RVol v3 (NASDAQ 2-State Cash) | A-RVol v3 (NASDAQ 2-State) | A-RVol v3 (NASDAQ) | A-RVol v3 (NASDAQ 2-State SQQQ) | A-RVol v3 (NASDAQ QQQ Moderate) | A-RVol v3 (NASDAQ Cash Defensive)
TOP_WHIPSAWS,20.0,A-RVol v3 (NASDAQ 2-State Cash),2009-09-02,MODERATE,DEFENSIVE,TQQQ,CASH,True,True,1,-0.068323420595002,,0.0,0.068323420595002,71.80118952859975,0.0,7.0,A-RVol v3 (NASDAQ 2-State Cash) | A-RVol v3 (NASDAQ 2-State) | A-RVol v3 (NASDAQ) | A-RVol v3 (NASDAQ QQQ Moderate) | A-RVol v3 (S&P 500) | A-RVol v3 (NASDAQ Cash Defensive) | A-RVol v3 (NASDAQ 2-State SQQQ)
TOP_WHIPSAWS,7.0,A-RVol v3 (Semiconductors),2024-04-19,MODERATE,DEFENSIVE,USD,TLT,True,True,4,-0.1509949865800826,,0.0360456436448648,0.1509949865800826,64.76425310197928,100.0,1.0,A-RVol v3 (Semiconductors)
TOP_WHIPSAWS,8.0,A-RVol v3 (Semiconductors),2018-10-10,MODERATE,DEFENSIVE,USD,TLT,True,True,4,-0.1446599029026632,,0.2141402181263232,0.1446599029026632,79.77202910178627,100.0,1.0,A-RVol v3 (Semiconductors)
TOP_WHIPSAWS,12.0,A-RVol v3 (Semiconductors),2011-03-15,MODERATE,DEFENSIVE,USD,TLT,True,True,4,-0.0960517022129696,,0.0295176808753779,0.0960517022129696,70.83521020447388,100.0,1.0,A-RVol v3 (Semiconductors)
TOP_WHIPSAWS,15.0,A-RVol v3 (Semiconductors),2021-05-12,MODERATE,DEFENSIVE,USD,TLT,True,True,2,-0.0912068466244697,,0.0292949208530453,0.0912068466244697,71.39877207330726,100.0,1.0,A-RVol v3 (Semiconductors)
BY_STRATEGY_LATE_EXITS,1.0,A-RVol v3 (NASDAQ 2-State Cash),1998-08-27,MODERATE,DEFENSIVE,TQQQ,CASH,True,True,3,-0.3912752067951167,,0.0256228960314072,,35.09680686709857,,,
BY_STRATEGY_LATE_EXITS,2.0,A-RVol v3 (NASDAQ 2-State Cash),1997-10-24,MODERATE,DEFENSIVE,TQQQ,CASH,True,True,2,-0.2435434820855706,,0.1935010219114414,,66.25486390264683,,,
BY_STRATEGY_LATE_EXITS,3.0,A-RVol v3 (NASDAQ 2-State Cash),2015-08-21,MODERATE,DEFENSIVE,TQQQ,CASH,True,True,3,-0.2277175398496347,,0.0568303938234581,,57.22032672392048,,,
BY_STRATEGY_LATE_EXITS,4.0,A-RVol v3 (NASDAQ 2-State Cash),1996-07-05,MODERATE,DEFENSIVE,TQQQ,CASH,True,False,8,-0.2165517573612416,,0.1574149991277106,,66.60698904686785,,,
BY_STRATEGY_LATE_EXITS,5.0,A-RVol v3 (NASDAQ 2-State Cash),2026-06-08,MODERATE,DEFENSIVE,TQQQ,CASH,True,False,34,-0.1794187666234452,,0.0618908591342638,,63.42101673592767,,,
BY_STRATEGY_LATE_EXITS,6.0,A-RVol v3 (NASDAQ 2-State Cash),2010-05-06,MODERATE,DEFENSIVE,TQQQ,CASH,True,True,2,-0.1656039803705303,,0.2246359974681079,,78.09840215298499,,,
BY_STRATEGY_LATE_EXITS,7.0,A-RVol v3 (NASDAQ 2-State Cash),1995-10-04,MODERATE,DEFENSIVE,TQQQ,CASH,True,True,5,-0.163270951213431,,0.0,,60.40748585438827,,,
BY_STRATEGY_LATE_EXITS,8.0,A-RVol v3 (NASDAQ 2-State Cash),2009-07-06,MODERATE,DEFENSIVE,TQQQ,CASH,True,True,1,-0.1552454981623757,,0.0,,61.37054022051491,,,
BY_STRATEGY_LATE_EXITS,9.0,A-RVol v3 (NASDAQ 2-State Cash),1994-04-05,MODERATE,DEFENSIVE,TQQQ,CASH,True,False,29,-0.1389627078345643,,0.0,,63.32447505985228,,,
BY_STRATEGY_LATE_EXITS,10.0,A-RVol v3 (NASDAQ 2-State Cash),1993-03-02,MODERATE,DEFENSIVE,TQQQ,CASH,True,False,200,-0.1385690113732324,,0.0,,63.37171863521211,,,
BY_STRATEGY_LATE_EXITS,11.0,A-RVol v3 (NASDAQ 2-State Cash),2009-07-08,MODERATE,DEFENSIVE,TQQQ,CASH,True,True,1,-0.1369559540678433,,0.0,,63.5652855118588,,,
BY_STRATEGY_LATE_EXITS,12.0,A-RVol v3 (NASDAQ 2-State Cash),1995-07-11,MODERATE,DEFENSIVE,TQQQ,CASH,True,False,54,-0.1351956562703236,,0.1803197690109931,,78.20210276844062,,,
BY_STRATEGY_LATE_EXITS,13.0,A-RVol v3 (NASDAQ 2-State Cash),1993-02-17,MODERATE,DEFENSIVE,TQQQ,CASH,True,False,6,-0.1335397999924462,,0.0401001843712306,,67.1832387506049,,,
BY_STRATEGY_LATE_EXITS,14.0,A-RVol v3 (NASDAQ 2-State Cash),2021-03-04,MODERATE,DEFENSIVE,TQQQ,CASH,True,True,3,-0.1276618497801263,,0.0085259291488892,,65.36265235829599,,,
BY_STRATEGY_LATE_EXITS,15.0,A-RVol v3 (NASDAQ 2-State Cash),2025-03-03,MODERATE,DEFENSIVE,TQQQ,CASH,True,False,10,-0.1238716257086207,,0.3816014499306901,,85.1354049149655,,,
BY_STRATEGY_LATE_EXITS,16.0,A-RVol v3 (NASDAQ 2-State Cash),2012-05-31,MODERATE,DEFENSIVE,TQQQ,CASH,True,True,1,-0.1138336565764097,,0.0,,66.33996121083082,,,
BY_STRATEGY_LATE_EXITS,17.0,A-RVol v3 (NASDAQ 2-State Cash),2018-10-11,MODERATE,DEFENSIVE,TQQQ,CASH,True,False,10,-0.1135579712921702,,0.2141265730871716,,83.50316929191331,,,
BY_STRATEGY_LATE_EXITS,18.0,A-RVol v3 (NASDAQ 2-State Cash),2019-05-24,MODERATE,DEFENSIVE,TQQQ,CASH,True,False,7,-0.0977939072799984,,0.0,,68.26473112640019,,,
BY_STRATEGY_LATE_EXITS,19.0,A-RVol v3 (NASDAQ 2-State Cash),2011-08-02,MODERATE,DEFENSIVE,TQQQ,CASH,True,False,99,-0.0971652197776593,,0.0,,68.34017362668087,,,
BY_STRATEGY_LATE_EXITS,20.0,A-RVol v3 (NASDAQ 2-State Cash),2020-09-09,MODERATE,DEFENSIVE,TQQQ,CASH,True,False,32,-0.0970961774425904,,0.1568557388377219,,80.8969178139069,,,
BY_STRATEGY_LATE_EXITS,1.0,A-RVol v3 (NASDAQ 2-State SQQQ),1998-08-27,MODERATE,DEFENSIVE,TQQQ,SQQQ,True,True,3,-0.3912752067951167,,0.0256228960314072,,35.09680686709857,,,
BY_STRATEGY_LATE_EXITS,2.0,A-RVol v3 (NASDAQ 2-State SQQQ),1997-10-24,MODERATE,DEFENSIVE,TQQQ,SQQQ,True,True,2,-0.2435434820855706,,0.1935010219114414,,66.25486390264683,,,
BY_STRATEGY_LATE_EXITS,3.0,A-RVol v3 (NASDAQ 2-State SQQQ),2015-08-21,MODERATE,DEFENSIVE,TQQQ,SQQQ,True,True,3,-0.2277175398496347,,0.0568303938234581,,57.22032672392048,,,
BY_STRATEGY_LATE_EXITS,4.0,A-RVol v3 (NASDAQ 2-State SQQQ),1996-07-05,MODERATE,DEFENSIVE,TQQQ,SQQQ,True,False,8,-0.2165517573612416,,0.1574149991277106,,66.60698904686785,,,
BY_STRATEGY_LATE_EXITS,5.0,A-RVol v3 (NASDAQ 2-State SQQQ),2026-06-08,MODERATE,DEFENSIVE,TQQQ,SQQQ,True,False,34,-0.1794187666234452,,0.0618908591342638,,63.42101673592767,,,
BY_STRATEGY_LATE_EXITS,6.0,A-RVol v3 (NASDAQ 2-State SQQQ),2010-05-06,MODERATE,DEFENSIVE,TQQQ,SQQQ,True,True,2,-0.1656039803705303,,0.2246359974681079,,78.09840215298499,,,
BY_STRATEGY_LATE_EXITS,7.0,A-RVol v3 (NASDAQ 2-State SQQQ),1995-10-04,MODERATE,DEFENSIVE,TQQQ,SQQQ,True,True,5,-0.163270951213431,,0.0,,60.40748585438827,,,
BY_STRATEGY_LATE_EXITS,8.0,A-RVol v3 (NASDAQ 2-State SQQQ),2009-07-06,MODERATE,DEFENSIVE,TQQQ,SQQQ,True,True,1,-0.1552454981623757,,0.0,,61.37054022051491,,,
BY_STRATEGY_LATE_EXITS,9.0,A-RVol v3 (NASDAQ 2-State SQQQ),1994-04-05,MODERATE,DEFENSIVE,TQQQ,SQQQ,True,False,29,-0.1389627078345643,,0.0,,63.32447505985228,,,
BY_STRATEGY_LATE_EXITS,10.0,A-RVol v3 (NASDAQ 2-State SQQQ),1993-03-02,MODERATE,DEFENSIVE,TQQQ,SQQQ,True,False,200,-0.1385690113732324,,0.0,,63.37171863521211,,,
BY_STRATEGY_LATE_EXITS,11.0,A-RVol v3 (NASDAQ 2-State SQQQ),2009-07-08,MODERATE,DEFENSIVE,TQQQ,SQQQ,True,True,1,-0.1369559540678433,,0.0,,63.5652855118588,,,
BY_STRATEGY_LATE_EXITS,12.0,A-RVol v3 (NASDAQ 2-State SQQQ),1995-07-11,MODERATE,DEFENSIVE,TQQQ,SQQQ,True,False,54,-0.1351956562703236,,0.1803197690109931,,78.20210276844062,,,
BY_STRATEGY_LATE_EXITS,13.0,A-RVol v3 (NASDAQ 2-State SQQQ),1993-02-17,MODERATE,DEFENSIVE,TQQQ,SQQQ,True,False,6,-0.1335397999924462,,0.0401001843712306,,67.1832387506049,,,
BY_STRATEGY_LATE_EXITS,14.0,A-RVol v3 (NASDAQ 2-State SQQQ),2021-03-04,MODERATE,DEFENSIVE,TQQQ,SQQQ,True,True,3,-0.1276618497801263,,0.0085259291488892,,65.36265235829599,,,
BY_STRATEGY_LATE_EXITS,15.0,A-RVol v3 (NASDAQ 2-State SQQQ),2025-03-03,MODERATE,DEFENSIVE,TQQQ,SQQQ,True,False,10,-0.1238716257086207,,0.3816014499306901,,85.1354049149655,,,
BY_STRATEGY_LATE_EXITS,16.0,A-RVol v3 (NASDAQ 2-State SQQQ),2012-05-31,MODERATE,DEFENSIVE,TQQQ,SQQQ,True,True,1,-0.1138336565764097,,0.0,,66.33996121083082,,,
BY_STRATEGY_LATE_EXITS,17.0,A-RVol v3 (NASDAQ 2-State SQQQ),2018-10-11,MODERATE,DEFENSIVE,TQQQ,SQQQ,True,False,10,-0.1135579712921702,,0.2141265730871716,,83.50316929191331,,,
BY_STRATEGY_LATE_EXITS,18.0,A-RVol v3 (NASDAQ 2-State SQQQ),2019-05-24,MODERATE,DEFENSIVE,TQQQ,SQQQ,True,False,7,-0.0977939072799984,,0.0,,68.26473112640019,,,
BY_STRATEGY_LATE_EXITS,19.0,A-RVol v3 (NASDAQ 2-State SQQQ),2011-08-02,MODERATE,DEFENSIVE,TQQQ,SQQQ,True,False,99,-0.0971652197776593,,0.0,,68.34017362668087,,,
BY_STRATEGY_LATE_EXITS,20.0,A-RVol v3 (NASDAQ 2-State SQQQ),2020-09-09,MODERATE,DEFENSIVE,TQQQ,SQQQ,True,False,32,-0.0970961774425904,,0.1568557388377219,,80.8969178139069,,,
BY_STRATEGY_LATE_EXITS,1.0,A-RVol v3 (NASDAQ 2-State),1998-08-27,MODERATE,DEFENSIVE,TQQQ,TLT,True,True,3,-0.3912752067951167,,0.0256228960314072,,35.09680686709857,,,
BY_STRATEGY_LATE_EXITS,2.0,A-RVol v3 (NASDAQ 2-State),1997-10-24,MODERATE,DEFENSIVE,TQQQ,TLT,True,True,2,-0.2435434820855706,,0.1935010219114414,,66.25486390264683,,,
BY_STRATEGY_LATE_EXITS,3.0,A-RVol v3 (NASDAQ 2-State),2015-08-21,MODERATE,DEFENSIVE,TQQQ,TLT,True,True,3,-0.2277175398496347,,0.0568303938234581,,57.22032672392048,,,
BY_STRATEGY_LATE_EXITS,4.0,A-RVol v3 (NASDAQ 2-State),1996-07-05,MODERATE,DEFENSIVE,TQQQ,TLT,True,False,8,-0.2165517573612416,,0.1574149991277106,,66.60698904686785,,,
BY_STRATEGY_LATE_EXITS,5.0,A-RVol v3 (NASDAQ 2-State),2026-06-08,MODERATE,DEFENSIVE,TQQQ,TLT,True,False,34,-0.1794187666234452,,0.0618908591342638,,63.42101673592767,,,
BY_STRATEGY_LATE_EXITS,6.0,A-RVol v3 (NASDAQ 2-State),2010-05-06,MODERATE,DEFENSIVE,TQQQ,TLT,True,True,2,-0.1656039803705303,,0.2246359974681079,,78.09840215298499,,,
BY_STRATEGY_LATE_EXITS,7.0,A-RVol v3 (NASDAQ 2-State),2009-07-06,MODERATE,DEFENSIVE,TQQQ,TLT,True,True,1,-0.1552454981623757,,0.0,,61.37054022051491,,,
BY_STRATEGY_LATE_EXITS,8.0,A-RVol v3 (NASDAQ 2-State),1994-04-05,MODERATE,DEFENSIVE,TQQQ,TLT,True,False,29,-0.1389627078345643,,0.0,,63.32447505985228,,,
BY_STRATEGY_LATE_EXITS,9.0,A-RVol v3 (NASDAQ 2-State),1993-03-02,MODERATE,DEFENSIVE,TQQQ,TLT,True,False,198,-0.1385690113732324,,0.0,,63.37171863521211,,,
BY_STRATEGY_LATE_EXITS,10.0,A-RVol v3 (NASDAQ 2-State),2009-07-08,MODERATE,DEFENSIVE,TQQQ,TLT,True,True,1,-0.1369559540678433,,0.0,,63.5652855118588,,,
BY_STRATEGY_LATE_EXITS,11.0,A-RVol v3 (NASDAQ 2-State),1995-07-11,MODERATE,DEFENSIVE,TQQQ,TLT,True,False,54,-0.1351956562703236,,0.1803197690109931,,78.20210276844062,,,
BY_STRATEGY_LATE_EXITS,12.0,A-RVol v3 (NASDAQ 2-State),1993-02-17,MODERATE,DEFENSIVE,TQQQ,TLT,True,False,6,-0.1335397999924462,,0.0401001843712306,,67.1832387506049,,,
BY_STRATEGY_LATE_EXITS,13.0,A-RVol v3 (NASDAQ 2-State),2021-03-04,MODERATE,DEFENSIVE,TQQQ,TLT,True,True,3,-0.1276618497801263,,0.0085259291488892,,65.36265235829599,,,
BY_STRATEGY_LATE_EXITS,14.0,A-RVol v3 (NASDAQ 2-State),1995-10-04,MODERATE,DEFENSIVE,TQQQ,TLT,True,True,5,-0.1247329320183867,,0.0252732720732792,,67.05390992365594,,,
BY_STRATEGY_LATE_EXITS,15.0,A-RVol v3 (NASDAQ 2-State),2025-03-03,MODERATE,DEFENSIVE,TQQQ,TLT,True,False,10,-0.1238716257086207,,0.3816014499306901,,85.1354049149655,,,
BY_STRATEGY_LATE_EXITS,16.0,A-RVol v3 (NASDAQ 2-State),2012-05-31,MODERATE,DEFENSIVE,TQQQ,TLT,True,True,1,-0.1138336565764097,,0.0,,66.33996121083082,,,
BY_STRATEGY_LATE_EXITS,17.0,A-RVol v3 (NASDAQ 2-State),2018-10-11,MODERATE,DEFENSIVE,TQQQ,TLT,True,False,10,-0.1135579712921702,,0.2141265730871716,,83.50316929191331,,,
BY_STRATEGY_LATE_EXITS,18.0,A-RVol v3 (NASDAQ 2-State),2019-05-24,MODERATE,DEFENSIVE,TQQQ,TLT,True,False,7,-0.0977939072799984,,0.0,,68.26473112640019,,,
BY_STRATEGY_LATE_EXITS,19.0,A-RVol v3 (NASDAQ 2-State),2011-08-02,MODERATE,DEFENSIVE,TQQQ,TLT,True,False,97,-0.0971652197776593,,0.0,,68.34017362668087,,,
BY_STRATEGY_LATE_EXITS,20.0,A-RVol v3 (NASDAQ 2-State),2020-09-09,MODERATE,DEFENSIVE,TQQQ,TLT,True,False,31,-0.0970961774425904,,0.1568557388377219,,80.8969178139069,,,
BY_STRATEGY_LATE_EXITS,1.0,A-RVol v3 (NASDAQ Cash Defensive),1998-08-27,MODERATE,DEFENSIVE,QLD,CASH,True,True,3,-0.2650937730382533,,0.0167912402494935,,49.53204645536909,,,
BY_STRATEGY_LATE_EXITS,2.0,A-RVol v3 (NASDAQ Cash Defensive),1997-10-24,MODERATE,DEFENSIVE,QLD,CASH,True,True,2,-0.1575849689390488,,0.1294820996242617,,71.44837169725508,,,
BY_STRATEGY_LATE_EXITS,3.0,A-RVol v3 (NASDAQ Cash Defensive),2015-08-21,MODERATE,DEFENSIVE,QLD,CASH,True,True,3,-0.1511614224656542,,0.0375299401040357,,64.86302451244435,,,
BY_STRATEGY_LATE_EXITS,4.0,A-RVol v3 (NASDAQ Cash Defensive),1996-07-05,MODERATE,DEFENSIVE,QLD,CASH,True,False,8,-0.1451220317475534,,0.1051069787406693,,70.99391448954714,,,
BY_STRATEGY_LATE_EXITS,5.0,A-RVol v3 (NASDAQ Cash Defensive),2026-06-08,MODERATE,DEFENSIVE,QLD,CASH,True,False,34,-0.1222185481654778,,0.0406825869143216,,68.5883811732884,,,
BY_STRATEGY_LATE_EXITS,6.0,A-RVol v3 (NASDAQ Cash Defensive),2010-05-06,MODERATE,DEFENSIVE,QLD,CASH,True,True,2,-0.1084670585829835,,0.1492935525913922,,78.92743717735334,,,
BY_STRATEGY_LATE_EXITS,7.0,A-RVol v3 (NASDAQ Cash Defensive),1995-10-04,MODERATE,DEFENSIVE,QLD,CASH,True,True,5,-0.1077331158311351,,0.0,,67.07202610026378,,,
BY_STRATEGY_LATE_EXITS,8.0,A-RVol v3 (NASDAQ Cash Defensive),2009-07-06,MODERATE,DEFENSIVE,QLD,CASH,True,True,1,-0.1016739056395543,,0.0,,67.79913132325348,,,
BY_STRATEGY_LATE_EXITS,9.0,A-RVol v3 (NASDAQ Cash Defensive),1994-04-05,MODERATE,DEFENSIVE,QLD,CASH,True,False,29,-0.0938100742704148,,0.0,,68.74279108755022,,,
BY_STRATEGY_LATE_EXITS,10.0,A-RVol v3 (NASDAQ Cash Defensive),1993-03-02,MODERATE,DEFENSIVE,QLD,CASH,True,False,200,-0.0937903122854476,,0.0,,68.74516252574628,,,
BY_STRATEGY_LATE_EXITS,11.0,A-RVol v3 (NASDAQ Cash Defensive),2009-07-08,MODERATE,DEFENSIVE,QLD,CASH,True,True,1,-0.0917409390058648,,0.0,,68.99108731929621,,,
BY_STRATEGY_LATE_EXITS,12.0,A-RVol v3 (NASDAQ Cash Defensive),1995-07-11,MODERATE,DEFENSIVE,QLD,CASH,True,False,54,-0.0903338891665461,,0.1194837300111081,,78.7186317009031,,,
BY_STRATEGY_LATE_EXITS,13.0,A-RVol v3 (NASDAQ Cash Defensive),1993-02-17,MODERATE,DEFENSIVE,QLD,CASH,True,False,6,-0.087818608300447,,0.0246718072570252,,71.43551158450836,,,
BY_STRATEGY_LATE_EXITS,14.0,A-RVol v3 (NASDAQ Cash Defensive),2021-03-04,MODERATE,DEFENSIVE,QLD,CASH,True,True,3,-0.0806690364137309,,0.005974610846309,,70.79768449805701,,,
BY_STRATEGY_LATE_EXITS,15.0,A-RVol v3 (NASDAQ Cash Defensive),2025-03-03,MODERATE,DEFENSIVE,QLD,CASH,True,False,10,-0.0806467599197809,,0.2651946818995343,,90.32238880962628,,,
BY_STRATEGY_LATE_EXITS,16.0,A-RVol v3 (NASDAQ Cash Defensive),2012-05-31,MODERATE,DEFENSIVE,QLD,CASH,True,True,1,-0.0770582772848321,,0.0,,70.75300672582014,,,
BY_STRATEGY_LATE_EXITS,17.0,A-RVol v3 (NASDAQ Cash Defensive),2018-10-11,MODERATE,DEFENSIVE,QLD,CASH,True,False,10,-0.0747695559291213,,0.1408566452923377,,82.29618491189245,,,
BY_STRATEGY_LATE_EXITS,18.0,A-RVol v3 (NASDAQ Cash Defensive),2011-08-02,MODERATE,DEFENSIVE,QLD,CASH,True,False,99,-0.0658036028961308,,0.0,,72.1035676524643,,,
BY_STRATEGY_LATE_EXITS,19.0,A-RVol v3 (NASDAQ Cash Defensive),2020-09-09,MODERATE,DEFENSIVE,QLD,CASH,True,False,32,-0.065032727136559,,0.1070495727585366,,80.76003856429585,,,
BY_STRATEGY_LATE_EXITS,20.0,A-RVol v3 (NASDAQ Cash Defensive),2019-05-24,MODERATE,DEFENSIVE,QLD,CASH,True,False,7,-0.0640278330919751,,0.0,,72.31666002896299,,,
BY_STRATEGY_LATE_EXITS,1.0,A-RVol v3 (NASDAQ QQQ Moderate),1998-08-27,MODERATE,DEFENSIVE,QQQ,TLT,True,True,3,-0.1329378479182147,,0.0079656979239101,,64.68471408372704,,,
BY_STRATEGY_LATE_EXITS,2.0,A-RVol v3 (NASDAQ QQQ Moderate),2015-08-21,MODERATE,DEFENSIVE,QQQ,TLT,True,True,3,-0.0753835454063847,,0.0192175076767071,,72.49137516537041,,,
BY_STRATEGY_LATE_EXITS,3.0,A-RVol v3 (NASDAQ QQQ Moderate),1997-10-24,MODERATE,DEFENSIVE,QQQ,TLT,True,True,2,-0.0748113770171841,,0.0638437342751335,,76.1301334999486,,,
BY_STRATEGY_LATE_EXITS,4.0,A-RVol v3 (NASDAQ QQQ Moderate),1996-07-05,MODERATE,DEFENSIVE,QQQ,TLT,True,False,8,-0.0719239065326795,,0.0522401666691374,,75.54834454960945,,,
BY_STRATEGY_LATE_EXITS,5.0,A-RVol v3 (NASDAQ QQQ Moderate),2026-06-08,MODERATE,DEFENSIVE,QQQ,TLT,True,False,34,-0.0614153483542708,,0.0203704125359922,,74.25979120036688,,,
BY_STRATEGY_LATE_EXITS,6.0,A-RVol v3 (NASDAQ QQQ Moderate),2009-07-06,MODERATE,DEFENSIVE,QQQ,TLT,True,True,1,-0.0526748111547263,,0.0,,73.67902266143284,,,
BY_STRATEGY_LATE_EXITS,7.0,A-RVol v3 (NASDAQ QQQ Moderate),2010-05-06,MODERATE,DEFENSIVE,QQQ,TLT,True,True,2,-0.0523704923180108,,0.0749424132105164,,79.71093397868002,,,
BY_STRATEGY_LATE_EXITS,8.0,A-RVol v3 (NASDAQ QQQ Moderate),1995-10-04,MODERATE,DEFENSIVE,QQQ,TLT,True,True,5,-0.052315166118548,,0.0,,73.72218006577424,,,
BY_STRATEGY_LATE_EXITS,9.0,A-RVol v3 (NASDAQ QQQ Moderate),1993-03-02,MODERATE,DEFENSIVE,QQQ,TLT,True,False,200,-0.0472065787468162,,0.0,,74.33521055038204,,,
BY_STRATEGY_LATE_EXITS,10.0,A-RVol v3 (NASDAQ QQQ Moderate),1994-04-05,MODERATE,DEFENSIVE,QQQ,TLT,True,False,29,-0.0469371472934776,,0.0,,74.36754232478268,,,
BY_STRATEGY_LATE_EXITS,11.0,A-RVol v3 (NASDAQ QQQ Moderate),2009-07-08,MODERATE,DEFENSIVE,QQQ,TLT,True,True,1,-0.0460907471999143,,0.0,,74.46911033601029,,,
BY_STRATEGY_LATE_EXITS,12.0,A-RVol v3 (NASDAQ QQQ Moderate),1995-07-11,MODERATE,DEFENSIVE,QQQ,TLT,True,False,54,-0.0443832261616184,,0.0583352467001784,,79.34083259662006,,,
BY_STRATEGY_LATE_EXITS,13.0,A-RVol v3 (NASDAQ QQQ Moderate),1993-02-17,MODERATE,DEFENSIVE,QQQ,TLT,True,False,6,-0.0426436547704804,,0.010179457499209,,75.69711802747906,,,
BY_STRATEGY_LATE_EXITS,14.0,A-RVol v3 (NASDAQ QQQ Moderate),2012-05-31,MODERATE,DEFENSIVE,QQQ,TLT,True,True,1,-0.0389754135039848,,0.0,,75.32295037952181,,,
BY_STRATEGY_LATE_EXITS,15.0,A-RVol v3 (NASDAQ QQQ Moderate),2025-03-03,MODERATE,DEFENSIVE,QQQ,TLT,True,False,10,-0.0383259692291885,,0.1368965102638173,,86.35260451360276,,,
BY_STRATEGY_LATE_EXITS,16.0,A-RVol v3 (NASDAQ QQQ Moderate),2021-03-04,MODERATE,DEFENSIVE,QQQ,TLT,True,True,3,-0.0381331722627128,,0.0028543222896461,,75.65236511164613,,,
BY_STRATEGY_LATE_EXITS,17.0,A-RVol v3 (NASDAQ QQQ Moderate),2018-10-11,MODERATE,DEFENSIVE,QQQ,TLT,True,False,10,-0.0351404667622102,,0.0695660451424692,,81.34842759993231,,,
BY_STRATEGY_LATE_EXITS,18.0,A-RVol v3 (NASDAQ QQQ Moderate),2020-09-09,MODERATE,DEFENSIVE,QQQ,TLT,True,False,32,-0.0332396283446086,,0.0539435962092381,,80.32673229538601,,,
BY_STRATEGY_LATE_EXITS,19.0,A-RVol v3 (NASDAQ QQQ Moderate),2011-08-02,MODERATE,DEFENSIVE,QQQ,TLT,True,False,99,-0.0313133547238592,,0.0,,76.24239743313689,,,
BY_STRATEGY_LATE_EXITS,20.0,A-RVol v3 (NASDAQ QQQ Moderate),2019-05-24,MODERATE,DEFENSIVE,QQQ,TLT,True,False,7,-0.0309075509797249,,0.0,,76.291093882433,,,
BY_STRATEGY_LATE_EXITS,1.0,A-RVol v3 (NASDAQ),1998-08-27,MODERATE,DEFENSIVE,QLD,TLT,True,True,3,-0.2650937730382533,,0.0167912402494935,,49.53204645536909,,,
BY_STRATEGY_LATE_EXITS,2.0,A-RVol v3 (NASDAQ),1997-10-24,MODERATE,DEFENSIVE,QLD,TLT,True,True,2,-0.1575849689390488,,0.1294820996242617,,71.44837169725508,,,
BY_STRATEGY_LATE_EXITS,3.0,A-RVol v3 (NASDAQ),2015-08-21,MODERATE,DEFENSIVE,QLD,TLT,True,True,3,-0.1511614224656542,,0.0375299401040357,,64.86302451244435,,,
BY_STRATEGY_LATE_EXITS,4.0,A-RVol v3 (NASDAQ),1996-07-05,MODERATE,DEFENSIVE,QLD,TLT,True,False,8,-0.1451220317475534,,0.1051069787406693,,70.99391448954714,,,
BY_STRATEGY_LATE_EXITS,5.0,A-RVol v3 (NASDAQ),2026-06-08,MODERATE,DEFENSIVE,QLD,TLT,True,False,34,-0.1222185481654778,,0.0406825869143216,,68.5883811732884,,,
BY_STRATEGY_LATE_EXITS,6.0,A-RVol v3 (NASDAQ),2010-05-06,MODERATE,DEFENSIVE,QLD,TLT,True,True,2,-0.1084670585829835,,0.1492935525913922,,78.92743717735334,,,
BY_STRATEGY_LATE_EXITS,7.0,A-RVol v3 (NASDAQ),1995-10-04,MODERATE,DEFENSIVE,QLD,TLT,True,True,5,-0.1077331158311351,,0.0,,67.07202610026378,,,
BY_STRATEGY_LATE_EXITS,8.0,A-RVol v3 (NASDAQ),2009-07-06,MODERATE,DEFENSIVE,QLD,TLT,True,True,1,-0.1016739056395543,,0.0,,67.79913132325348,,,
BY_STRATEGY_LATE_EXITS,9.0,A-RVol v3 (NASDAQ),1994-04-05,MODERATE,DEFENSIVE,QLD,TLT,True,False,29,-0.0938100742704148,,0.0,,68.74279108755022,,,
BY_STRATEGY_LATE_EXITS,10.0,A-RVol v3 (NASDAQ),1993-03-02,MODERATE,DEFENSIVE,QLD,TLT,True,False,200,-0.0937903122854476,,0.0,,68.74516252574628,,,
BY_STRATEGY_LATE_EXITS,11.0,A-RVol v3 (NASDAQ),2009-07-08,MODERATE,DEFENSIVE,QLD,TLT,True,True,1,-0.0917409390058648,,0.0,,68.99108731929621,,,
BY_STRATEGY_LATE_EXITS,12.0,A-RVol v3 (NASDAQ),1995-07-11,MODERATE,DEFENSIVE,QLD,TLT,True,False,54,-0.0903338891665461,,0.1194837300111081,,78.7186317009031,,,
BY_STRATEGY_LATE_EXITS,13.0,A-RVol v3 (NASDAQ),1993-02-17,MODERATE,DEFENSIVE,QLD,TLT,True,False,6,-0.087818608300447,,0.0246718072570252,,71.43551158450836,,,
BY_STRATEGY_LATE_EXITS,14.0,A-RVol v3 (NASDAQ),2021-03-04,MODERATE,DEFENSIVE,QLD,TLT,True,True,3,-0.0806690364137309,,0.005974610846309,,70.79768449805701,,,
BY_STRATEGY_LATE_EXITS,15.0,A-RVol v3 (NASDAQ),2025-03-03,MODERATE,DEFENSIVE,QLD,TLT,True,False,10,-0.0806467599197809,,0.2651946818995343,,90.32238880962628,,,
BY_STRATEGY_LATE_EXITS,16.0,A-RVol v3 (NASDAQ),2012-05-31,MODERATE,DEFENSIVE,QLD,TLT,True,True,1,-0.0770582772848321,,0.0,,70.75300672582014,,,
BY_STRATEGY_LATE_EXITS,17.0,A-RVol v3 (NASDAQ),2018-10-11,MODERATE,DEFENSIVE,QLD,TLT,True,False,10,-0.0747695559291213,,0.1408566452923377,,82.29618491189245,,,
BY_STRATEGY_LATE_EXITS,18.0,A-RVol v3 (NASDAQ),2011-08-02,MODERATE,DEFENSIVE,QLD,TLT,True,False,99,-0.0658036028961308,,0.0,,72.1035676524643,,,
BY_STRATEGY_LATE_EXITS,19.0,A-RVol v3 (NASDAQ),2020-09-09,MODERATE,DEFENSIVE,QLD,TLT,True,False,32,-0.065032727136559,,0.1070495727585366,,80.76003856429585,,,
BY_STRATEGY_LATE_EXITS,20.0,A-RVol v3 (NASDAQ),2019-05-24,MODERATE,DEFENSIVE,QLD,TLT,True,False,7,-0.0640278330919751,,0.0,,72.31666002896299,,,
BY_STRATEGY_LATE_EXITS,1.0,A-RVol v3 (S&P 500),2009-07-06,MODERATE,DEFENSIVE,SSO,TLT,True,True,1,-0.0992078714727415,,0.0029314335027109,,68.3295701034879,,,
BY_STRATEGY_LATE_EXITS,2.0,A-RVol v3 (S&P 500),2010-05-06,MODERATE,DEFENSIVE,SSO,TLT,True,True,2,-0.0888936995714109,,0.1819950848508447,,83.89236283949826,,,
BY_STRATEGY_LATE_EXITS,3.0,A-RVol v3 (S&P 500),2009-08-31,MODERATE,DEFENSIVE,SSO,TLT,True,True,1,-0.0628817644976494,,0.0074918004231468,,73.05353229413382,,,
BY_STRATEGY_LATE_EXITS,4.0,A-RVol v3 (S&P 500),2022-12-05,MODERATE,DEFENSIVE,SSO,TLT,True,True,3,-0.05669687000958,,0.0921087086566977,,80.56507229138623,,,
BY_STRATEGY_LATE_EXITS,5.0,A-RVol v3 (S&P 500),2009-09-02,MODERATE,DEFENSIVE,SSO,TLT,True,True,1,-0.0549451488069993,,0.0,,73.40658214316008,,,
BY_STRATEGY_LATE_EXITS,6.0,A-RVol v3 (S&P 500),2018-01-31,MODERATE,DEFENSIVE,SSO,TLT,True,False,64,-0.0474491690545219,,0.0,,74.30609971345737,,,
BY_STRATEGY_LATE_EXITS,7.0,A-RVol v3 (S&P 500),2009-07-08,MODERATE,DEFENSIVE,SSO,TLT,True,True,4,-0.0460205234098471,,0.0,,74.47753719081834,,,
BY_STRATEGY_LATE_EXITS,8.0,A-RVol v3 (S&P 500),2024-12-30,MODERATE,DEFENSIVE,SSO,TLT,True,False,22,-0.0411358271840012,,0.0747095256968705,,81.04046279366949,,,
BY_STRATEGY_LATE_EXITS,9.0,A-RVol v3 (S&P 500),2011-08-02,MODERATE,DEFENSIVE,SSO,TLT,True,False,99,-0.0290971081620695,,0.0,,76.50834702055165,,,
BY_STRATEGY_LATE_EXITS,10.0,A-RVol v3 (S&P 500),2021-12-02,MODERATE,DEFENSIVE,SSO,TLT,True,False,28,-0.0284270121825239,,0.1636665474620018,,89.68208233505727,,,
BY_STRATEGY_LATE_EXITS,11.0,A-RVol v3 (S&P 500),2020-07-06,MODERATE,DEFENSIVE,SSO,TLT,True,True,1,-0.0209157257591332,,0.0,,77.49011290890401,,,
BY_STRATEGY_LATE_EXITS,12.0,A-RVol v3 (S&P 500),2024-07-26,MODERATE,DEFENSIVE,SSO,TLT,True,False,24,-0.0142840232295992,,0.0653265671258498,,83.51204258251609,,,
BY_STRATEGY_LATE_EXITS,13.0,A-RVol v3 (S&P 500),2017-08-22,MODERATE,DEFENSIVE,SSO,TLT,True,False,12,-0.0113293740832912,,0.0,,78.64047511000504,,,
BY_STRATEGY_LATE_EXITS,14.0,A-RVol v3 (S&P 500),2009-09-04,MODERATE,DEFENSIVE,SSO,TLT,True,True,1,-0.0112944955437258,,0.0,,78.64466053475289,,,
BY_STRATEGY_LATE_EXITS,15.0,A-RVol v3 (S&P 500),2020-02-12,MODERATE,DEFENSIVE,SSO,TLT,True,False,70,-0.0107007644850628,,0.0,,78.71590826179246,,,
BY_STRATEGY_LATE_EXITS,16.0,A-RVol v3 (S&P 500),2010-05-11,MODERATE,DEFENSIVE,SSO,TLT,True,False,61,-0.0103897405278886,,0.1259840539194332,,88.83195545020801,,,
BY_STRATEGY_LATE_EXITS,17.0,A-RVol v3 (S&P 500),2010-02-04,MODERATE,DEFENSIVE,SSO,TLT,True,False,8,-0.004283927856046,,0.0075287920415644,,80.08823202059963,,,
BY_STRATEGY_LATE_EXITS,18.0,A-RVol v3 (S&P 500),2026-03-30,MODERATE,DEFENSIVE,SSO,TLT,True,False,14,-0.0040570936994919,,0.0128726964078241,,80.5429644686869,,,
BY_STRATEGY_LATE_EXITS,19.0,A-RVol v3 (S&P 500),2022-08-22,MODERATE,DEFENSIVE,SSO,TLT,True,False,72,-0.0033585329771054,,0.1406973067522304,,90.85276058292578,,,
BY_STRATEGY_LATE_EXITS,20.0,A-RVol v3 (S&P 500),2020-06-24,MODERATE,DEFENSIVE,SSO,TLT,True,False,6,-0.0011703875761922,,0.0,,79.85955349085692,,,
BY_STRATEGY_LATE_EXITS,1.0,A-RVol v3 (Semiconductors),2011-07-18,MODERATE,DEFENSIVE,USD,TLT,True,False,16,-0.2477379956441945,,0.1229118103024557,,60.104385346893125,,,
BY_STRATEGY_LATE_EXITS,2.0,A-RVol v3 (Semiconductors),2025-01-27,MODERATE,DEFENSIVE,USD,TLT,True,False,7,-0.2295383294767485,,0.2551924131215685,,72.45540046279017,,,
BY_STRATEGY_LATE_EXITS,3.0,A-RVol v3 (Semiconductors),2015-08-14,MODERATE,DEFENSIVE,USD,TLT,True,False,8,-0.168928151355139,,0.0,,59.72862183738331,,,
BY_STRATEGY_LATE_EXITS,4.0,A-RVol v3 (Semiconductors),2024-04-19,MODERATE,DEFENSIVE,USD,TLT,True,True,4,-0.1509949865800826,,0.0360456436448648,,64.76425310197928,,,
BY_STRATEGY_LATE_EXITS,5.0,A-RVol v3 (Semiconductors),2018-10-10,MODERATE,DEFENSIVE,USD,TLT,True,True,4,-0.1446599029026632,,0.2141402181263232,,79.77202910178627,,,
BY_STRATEGY_LATE_EXITS,6.0,A-RVol v3 (Semiconductors),2012-04-24,MODERATE,DEFENSIVE,USD,TLT,True,False,20,-0.1107341023479523,,0.0800696176914567,,73.11747713356226,,,
BY_STRATEGY_LATE_EXITS,7.0,A-RVol v3 (Semiconductors),2026-02-06,MODERATE,DEFENSIVE,USD,TLT,True,False,15,-0.1085168997945683,,0.2025080900555769,,83.17861922909796,,,
BY_STRATEGY_LATE_EXITS,8.0,A-RVol v3 (Semiconductors),2012-05-31,MODERATE,DEFENSIVE,USD,TLT,True,True,1,-0.1065822243591637,,0.0031904966569386,,67.46537280945543,,,
BY_STRATEGY_LATE_EXITS,9.0,A-RVol v3 (Semiconductors),2011-03-15,MODERATE,DEFENSIVE,USD,TLT,True,True,4,-0.0960517022129696,,0.0295176808753779,,70.83521020447388,,,
BY_STRATEGY_LATE_EXITS,10.0,A-RVol v3 (Semiconductors),2016-01-06,MODERATE,DEFENSIVE,USD,TLT,True,False,11,-0.0933733838001513,,0.1144996029570348,,77.95516218054462,,,
BY_STRATEGY_LATE_EXITS,11.0,A-RVol v3 (Semiconductors),2021-05-12,MODERATE,DEFENSIVE,USD,TLT,True,True,2,-0.0912068466244697,,0.0292949208530453,,71.39877207330726,,,
BY_STRATEGY_LATE_EXITS,12.0,A-RVol v3 (Semiconductors),2021-12-15,MODERATE,DEFENSIVE,USD,TLT,True,False,328,-0.0833620949523724,,0.0822642951679569,,76.57769221915186,,,
BY_STRATEGY_LATE_EXITS,13.0,A-RVol v3 (Semiconductors),2010-05-07,MODERATE,DEFENSIVE,USD,TLT,True,False,63,-0.0790204411742875,,0.2377778460158562,,89.539774740354,,,
BY_STRATEGY_LATE_EXITS,14.0,A-RVol v3 (Semiconductors),2015-12-11,MODERATE,DEFENSIVE,USD,TLT,True,True,1,-0.0717079792073778,,0.1952644542137621,,87.01619883221564,,,
BY_STRATEGY_LATE_EXITS,15.0,A-RVol v3 (Semiconductors),2025-02-27,MODERATE,DEFENSIVE,USD,TLT,True,False,11,-0.0711749232477721,,0.4123156190248159,,91.45900921026734,,,
BY_STRATEGY_LATE_EXITS,16.0,A-RVol v3 (Semiconductors),2015-07-24,MODERATE,DEFENSIVE,USD,TLT,True,True,4,-0.0609845357744477,,0.246478680154096,,92.40015011939394,,,
BY_STRATEGY_LATE_EXITS,17.0,A-RVol v3 (Semiconductors),2014-04-10,MODERATE,DEFENSIVE,USD,TLT,True,False,17,-0.0586449975060316,,0.0205392046377086,,74.60573667029288,,,
BY_STRATEGY_LATE_EXITS,18.0,A-RVol v3 (Semiconductors),2015-06-29,MODERATE,DEFENSIVE,USD,TLT,True,False,10,-0.0579360366903328,,0.1068583508723272,,81.59634366694623,,,
BY_STRATEGY_LATE_EXITS,19.0,A-RVol v3 (Semiconductors),2023-10-25,MODERATE,DEFENSIVE,USD,TLT,True,True,5,-0.0499203516674816,,0.0,,74.0095577999022,,,
BY_STRATEGY_LATE_EXITS,20.0,A-RVol v3 (Semiconductors),2023-08-11,MODERATE,DEFENSIVE,USD,TLT,True,False,6,-0.0455048989106284,,0.0902325986283042,,81.75802002098892,,,
BY_STRATEGY_LATE_RE-ENTRIES,1.0,A-RVol v3 (NASDAQ 2-State Cash),2000-08-24,DEFENSIVE,MODERATE,CASH,TQQQ,True,False,17,,0.3813577524389044,,,41.806245798610746,,,
BY_STRATEGY_LATE_RE-ENTRIES,2.0,A-RVol v3 (NASDAQ 2-State Cash),1999-07-08,DEFENSIVE,MODERATE,CASH,TQQQ,True,False,70,,0.2910211586878233,,,50.41872440272559,,,
BY_STRATEGY_LATE_RE-ENTRIES,3.0,A-RVol v3 (NASDAQ 2-State Cash),2020-10-23,DEFENSIVE,MODERATE,CASH,TQQQ,True,False,27,,0.1860366559590831,,,64.6246259413976,,,
BY_STRATEGY_LATE_RE-ENTRIES,4.0,A-RVol v3 (NASDAQ 2-State Cash),1998-01-06,DEFENSIVE,MODERATE,CASH,TQQQ,True,False,58,,0.1741392831964223,,,79.10328601642931,,,
BY_STRATEGY_LATE_RE-ENTRIES,5.0,A-RVol v3 (NASDAQ 2-State Cash),2009-06-04,DEFENSIVE,MODERATE,CASH,TQQQ,True,False,21,,0.154993209824886,,,62.02288877931933,,,
BY_STRATEGY_LATE_RE-ENTRIES,6.0,A-RVol v3 (NASDAQ 2-State Cash),1997-05-23,DEFENSIVE,MODERATE,CASH,TQQQ,True,False,107,,0.1368433479476569,,,64.29212000527441,,,
BY_STRATEGY_LATE_RE-ENTRIES,7.0,A-RVol v3 (NASDAQ 2-State Cash),1999-01-06,DEFENSIVE,MODERATE,CASH,TQQQ,True,False,13,,0.1025959529865794,,,65.83330087125866,,,
BY_STRATEGY_LATE_RE-ENTRIES,8.0,A-RVol v3 (NASDAQ 2-State Cash),2010-07-28,DEFENSIVE,MODERATE,CASH,TQQQ,True,False,17,,0.1009146280104325,,,72.26045297722372,,,
BY_STRATEGY_LATE_RE-ENTRIES,9.0,A-RVol v3 (NASDAQ 2-State Cash),1996-08-13,DEFENSIVE,MODERATE,CASH,TQQQ,True,False,143,,0.0945515161841543,,,71.62172627704312,,,
BY_STRATEGY_LATE_RE-ENTRIES,10.0,A-RVol v3 (NASDAQ 2-State Cash),2022-08-16,DEFENSIVE,MODERATE,CASH,TQQQ,True,True,4,,0.0930695112172539,,,,,,
BY_STRATEGY_LATE_RE-ENTRIES,11.0,A-RVol v3 (NASDAQ 2-State Cash),1996-02-05,DEFENSIVE,MODERATE,CASH,TQQQ,True,False,47,,0.0903394587422632,,,72.77064814210533,,,
BY_STRATEGY_LATE_RE-ENTRIES,12.0,A-RVol v3 (NASDAQ 2-State Cash),1994-07-15,DEFENSIVE,MODERATE,CASH,TQQQ,True,False,28,,0.068084807909325,,,77.27912085137703,,,
BY_STRATEGY_LATE_RE-ENTRIES,13.0,A-RVol v3 (NASDAQ 2-State Cash),1997-03-26,DEFENSIVE,MODERATE,CASH,TQQQ,True,True,2,,0.0601813752069035,,,,,,
BY_STRATEGY_LATE_RE-ENTRIES,14.0,A-RVol v3 (NASDAQ 2-State Cash),2003-04-22,DEFENSIVE,MODERATE,CASH,TQQQ,True,False,89,,0.0569107115425553,,,83.94162956274052,,,
BY_STRATEGY_LATE_RE-ENTRIES,15.0,A-RVol v3 (NASDAQ 2-State Cash),2008-05-02,DEFENSIVE,MODERATE,CASH,TQQQ,True,False,24,,0.0497878081452818,,,79.65250461752623,,,
BY_STRATEGY_LATE_RE-ENTRIES,16.0,A-RVol v3 (NASDAQ 2-State Cash),1995-09-26,DEFENSIVE,MODERATE,CASH,TQQQ,True,False,6,,0.0489695612364331,,,70.38897335903064,,,
BY_STRATEGY_LATE_RE-ENTRIES,17.0,A-RVol v3 (NASDAQ 2-State Cash),2006-02-10,DEFENSIVE,MODERATE,CASH,TQQQ,True,False,30,,0.0475052946063005,,,78.40280042374498,,,
BY_STRATEGY_LATE_RE-ENTRIES,18.0,A-RVol v3 (NASDAQ 2-State Cash),2015-12-14,DEFENSIVE,MODERATE,CASH,TQQQ,True,False,13,,0.039727864807993,,,81.37452275535135,,,
BY_STRATEGY_LATE_RE-ENTRIES,19.0,A-RVol v3 (NASDAQ 2-State Cash),1996-07-17,DEFENSIVE,MODERATE,CASH,TQQQ,True,True,4,,0.0396495793804461,,,,,,
BY_STRATEGY_LATE_RE-ENTRIES,20.0,A-RVol v3 (NASDAQ 2-State Cash),2014-05-02,DEFENSIVE,MODERATE,CASH,TQQQ,True,False,10,,0.0384883191978542,,,73.3165461381171,,,
BY_STRATEGY_LATE_RE-ENTRIES,1.0,A-RVol v3 (NASDAQ 2-State SQQQ),2000-08-24,DEFENSIVE,MODERATE,SQQQ,TQQQ,True,False,17,,0.3813577524389044,,,41.806245798610746,,,
BY_STRATEGY_LATE_RE-ENTRIES,2.0,A-RVol v3 (NASDAQ 2-State SQQQ),1999-07-08,DEFENSIVE,MODERATE,SQQQ,TQQQ,True,False,70,,0.2910211586878233,,,50.41872440272559,,,
BY_STRATEGY_LATE_RE-ENTRIES,3.0,A-RVol v3 (NASDAQ 2-State SQQQ),2020-10-23,DEFENSIVE,MODERATE,SQQQ,TQQQ,True,False,27,,0.1860366559590831,,,64.6246259413976,,,
BY_STRATEGY_LATE_RE-ENTRIES,4.0,A-RVol v3 (NASDAQ 2-State SQQQ),1998-01-06,DEFENSIVE,MODERATE,SQQQ,TQQQ,True,False,58,,0.1741392831964223,,,79.10328601642931,,,
BY_STRATEGY_LATE_RE-ENTRIES,5.0,A-RVol v3 (NASDAQ 2-State SQQQ),2009-06-04,DEFENSIVE,MODERATE,SQQQ,TQQQ,True,False,21,,0.154993209824886,,,62.02288877931933,,,
BY_STRATEGY_LATE_RE-ENTRIES,6.0,A-RVol v3 (NASDAQ 2-State SQQQ),1997-05-23,DEFENSIVE,MODERATE,SQQQ,TQQQ,True,False,107,,0.1368433479476569,,,64.29212000527441,,,
BY_STRATEGY_LATE_RE-ENTRIES,7.0,A-RVol v3 (NASDAQ 2-State SQQQ),1999-01-06,DEFENSIVE,MODERATE,SQQQ,TQQQ,True,False,13,,0.1025959529865794,,,65.83330087125866,,,
BY_STRATEGY_LATE_RE-ENTRIES,8.0,A-RVol v3 (NASDAQ 2-State SQQQ),2010-07-28,DEFENSIVE,MODERATE,SQQQ,TQQQ,True,False,17,,0.1009146280104325,,,72.26045297722372,,,
BY_STRATEGY_LATE_RE-ENTRIES,9.0,A-RVol v3 (NASDAQ 2-State SQQQ),1996-08-13,DEFENSIVE,MODERATE,SQQQ,TQQQ,True,False,143,,0.0945515161841543,,,71.62172627704312,,,
BY_STRATEGY_LATE_RE-ENTRIES,10.0,A-RVol v3 (NASDAQ 2-State SQQQ),2022-08-16,DEFENSIVE,MODERATE,SQQQ,TQQQ,True,True,4,,0.0930695112172539,,,,,,
BY_STRATEGY_LATE_RE-ENTRIES,11.0,A-RVol v3 (NASDAQ 2-State SQQQ),1996-02-05,DEFENSIVE,MODERATE,SQQQ,TQQQ,True,False,47,,0.0903394587422632,,,72.77064814210533,,,
BY_STRATEGY_LATE_RE-ENTRIES,12.0,A-RVol v3 (NASDAQ 2-State SQQQ),1994-07-15,DEFENSIVE,MODERATE,SQQQ,TQQQ,True,False,28,,0.068084807909325,,,77.27912085137703,,,
BY_STRATEGY_LATE_RE-ENTRIES,13.0,A-RVol v3 (NASDAQ 2-State SQQQ),1997-03-26,DEFENSIVE,MODERATE,SQQQ,TQQQ,True,True,2,,0.0601813752069035,,,,,,
BY_STRATEGY_LATE_RE-ENTRIES,14.0,A-RVol v3 (NASDAQ 2-State SQQQ),2003-04-22,DEFENSIVE,MODERATE,SQQQ,TQQQ,True,False,89,,0.0569107115425553,,,83.94162956274052,,,
BY_STRATEGY_LATE_RE-ENTRIES,15.0,A-RVol v3 (NASDAQ 2-State SQQQ),2008-05-02,DEFENSIVE,MODERATE,SQQQ,TQQQ,True,False,24,,0.0497878081452818,,,79.65250461752623,,,
BY_STRATEGY_LATE_RE-ENTRIES,16.0,A-RVol v3 (NASDAQ 2-State SQQQ),1995-09-26,DEFENSIVE,MODERATE,SQQQ,TQQQ,True,False,6,,0.0489695612364331,,,70.38897335903064,,,
BY_STRATEGY_LATE_RE-ENTRIES,17.0,A-RVol v3 (NASDAQ 2-State SQQQ),2006-02-10,DEFENSIVE,MODERATE,SQQQ,TQQQ,True,False,30,,0.0475052946063005,,,78.40280042374498,,,
BY_STRATEGY_LATE_RE-ENTRIES,18.0,A-RVol v3 (NASDAQ 2-State SQQQ),2015-12-14,DEFENSIVE,MODERATE,SQQQ,TQQQ,True,False,13,,0.039727864807993,,,81.37452275535135,,,
BY_STRATEGY_LATE_RE-ENTRIES,19.0,A-RVol v3 (NASDAQ 2-State SQQQ),1996-07-17,DEFENSIVE,MODERATE,SQQQ,TQQQ,True,True,4,,0.0396495793804461,,,,,,
BY_STRATEGY_LATE_RE-ENTRIES,20.0,A-RVol v3 (NASDAQ 2-State SQQQ),2014-05-02,DEFENSIVE,MODERATE,SQQQ,TQQQ,True,False,10,,0.0384883191978542,,,73.3165461381171,,,
BY_STRATEGY_LATE_RE-ENTRIES,1.0,A-RVol v3 (NASDAQ 2-State),2000-08-24,DEFENSIVE,MODERATE,TLT,TQQQ,True,False,17,,0.3813577524389044,,,41.806245798610746,,,
BY_STRATEGY_LATE_RE-ENTRIES,2.0,A-RVol v3 (NASDAQ 2-State),1999-07-08,DEFENSIVE,MODERATE,TLT,TQQQ,True,False,69,,0.2910211586878233,,,50.41872440272559,,,
BY_STRATEGY_LATE_RE-ENTRIES,3.0,A-RVol v3 (NASDAQ 2-State),2020-10-23,DEFENSIVE,MODERATE,TLT,TQQQ,True,False,26,,0.1860366559590831,,,64.6246259413976,,,
BY_STRATEGY_LATE_RE-ENTRIES,4.0,A-RVol v3 (NASDAQ 2-State),1998-01-06,DEFENSIVE,MODERATE,TLT,TQQQ,True,False,58,,0.1741392831964223,,,79.10328601642931,,,
BY_STRATEGY_LATE_RE-ENTRIES,5.0,A-RVol v3 (NASDAQ 2-State),2009-06-04,DEFENSIVE,MODERATE,TLT,TQQQ,True,False,21,,0.154993209824886,,,62.02288877931933,,,
BY_STRATEGY_LATE_RE-ENTRIES,6.0,A-RVol v3 (NASDAQ 2-State),1997-05-23,DEFENSIVE,MODERATE,TLT,TQQQ,True,False,106,,0.1368433479476569,,,64.29212000527441,,,
BY_STRATEGY_LATE_RE-ENTRIES,7.0,A-RVol v3 (NASDAQ 2-State),1999-01-06,DEFENSIVE,MODERATE,TLT,TQQQ,True,False,13,,0.1025959529865794,,,65.83330087125866,,,
BY_STRATEGY_LATE_RE-ENTRIES,8.0,A-RVol v3 (NASDAQ 2-State),2010-07-28,DEFENSIVE,MODERATE,TLT,TQQQ,True,False,17,,0.1009146280104325,,,72.26045297722372,,,
BY_STRATEGY_LATE_RE-ENTRIES,9.0,A-RVol v3 (NASDAQ 2-State),1996-08-13,DEFENSIVE,MODERATE,TLT,TQQQ,True,False,140,,0.0945515161841543,,,71.62172627704312,,,
BY_STRATEGY_LATE_RE-ENTRIES,10.0,A-RVol v3 (NASDAQ 2-State),2022-08-16,DEFENSIVE,MODERATE,TLT,TQQQ,True,True,4,,0.0930695112172539,,,,,,
BY_STRATEGY_LATE_RE-ENTRIES,11.0,A-RVol v3 (NASDAQ 2-State),1996-02-05,DEFENSIVE,MODERATE,TLT,TQQQ,True,False,47,,0.0903394587422632,,,72.77064814210533,,,
BY_STRATEGY_LATE_RE-ENTRIES,12.0,A-RVol v3 (NASDAQ 2-State),1994-07-15,DEFENSIVE,MODERATE,TLT,TQQQ,True,False,28,,0.068084807909325,,,77.27912085137703,,,
BY_STRATEGY_LATE_RE-ENTRIES,13.0,A-RVol v3 (NASDAQ 2-State),1997-03-26,DEFENSIVE,MODERATE,TLT,TQQQ,True,True,2,,0.0601813752069035,,,,,,
BY_STRATEGY_LATE_RE-ENTRIES,14.0,A-RVol v3 (NASDAQ 2-State),2003-04-22,DEFENSIVE,MODERATE,TLT,TQQQ,True,False,89,,0.0569107115425553,,,83.94162956274052,,,
BY_STRATEGY_LATE_RE-ENTRIES,15.0,A-RVol v3 (NASDAQ 2-State),2008-05-02,DEFENSIVE,MODERATE,TLT,TQQQ,True,False,24,,0.0497878081452818,,,79.65250461752623,,,
BY_STRATEGY_LATE_RE-ENTRIES,16.0,A-RVol v3 (NASDAQ 2-State),1995-09-26,DEFENSIVE,MODERATE,TLT,TQQQ,True,False,6,,0.0489695612364331,,,70.38897335903064,,,
BY_STRATEGY_LATE_RE-ENTRIES,17.0,A-RVol v3 (NASDAQ 2-State),2006-02-10,DEFENSIVE,MODERATE,TLT,TQQQ,True,False,30,,0.0475052946063005,,,78.40280042374498,,,
BY_STRATEGY_LATE_RE-ENTRIES,18.0,A-RVol v3 (NASDAQ 2-State),2015-12-14,DEFENSIVE,MODERATE,TLT,TQQQ,True,False,13,,0.039727864807993,,,81.37452275535135,,,
BY_STRATEGY_LATE_RE-ENTRIES,19.0,A-RVol v3 (NASDAQ 2-State),1996-07-17,DEFENSIVE,MODERATE,TLT,TQQQ,True,True,4,,0.0396495793804461,,,,,,
BY_STRATEGY_LATE_RE-ENTRIES,20.0,A-RVol v3 (NASDAQ 2-State),2014-05-02,DEFENSIVE,MODERATE,TLT,TQQQ,True,False,10,,0.0384883191978542,,,73.3165461381171,,,
BY_STRATEGY_LATE_RE-ENTRIES,1.0,A-RVol v3 (NASDAQ Cash Defensive),2000-08-24,DEFENSIVE,MODERATE,CASH,QLD,True,False,17,,0.2289275756897657,,,57.598624945558754,,,
BY_STRATEGY_LATE_RE-ENTRIES,2.0,A-RVol v3 (NASDAQ Cash Defensive),1999-07-08,DEFENSIVE,MODERATE,CASH,QLD,True,False,70,,0.1749729677335048,,,62.58843326180888,,,
BY_STRATEGY_LATE_RE-ENTRIES,3.0,A-RVol v3 (NASDAQ Cash Defensive),2020-10-23,DEFENSIVE,MODERATE,CASH,QLD,True,False,27,,0.1198829962926815,,,70.66051576329275,,,
BY_STRATEGY_LATE_RE-ENTRIES,4.0,A-RVol v3 (NASDAQ Cash Defensive),1998-01-06,DEFENSIVE,MODERATE,CASH,QLD,True,False,58,,0.1105234069834379,,,85.55629478653836,,,
BY_STRATEGY_LATE_RE-ENTRIES,5.0,A-RVol v3 (NASDAQ Cash Defensive),2009-06-04,DEFENSIVE,MODERATE,CASH,QLD,True,False,21,,0.1012168436471321,,,68.05931645581428,,,
BY_STRATEGY_LATE_RE-ENTRIES,6.0,A-RVol v3 (NASDAQ Cash Defensive),1997-05-23,DEFENSIVE,MODERATE,CASH,QLD,True,False,107,,0.0864593305333862,,,70.53283168180887,,,
BY_STRATEGY_LATE_RE-ENTRIES,7.0,A-RVol v3 (NASDAQ Cash Defensive),1999-01-06,DEFENSIVE,MODERATE,CASH,QLD,True,False,13,,0.0649829441031408,,,71.42034521929642,,,
BY_STRATEGY_LATE_RE-ENTRIES,8.0,A-RVol v3 (NASDAQ Cash Defensive),2010-07-28,DEFENSIVE,MODERATE,CASH,QLD,True,False,17,,0.0630211175797863,,,75.54018296231605,,,
BY_STRATEGY_LATE_RE-ENTRIES,9.0,A-RVol v3 (NASDAQ Cash Defensive),2022-08-16,DEFENSIVE,MODERATE,CASH,QLD,True,True,4,,0.0601253343911132,,,,,,
BY_STRATEGY_LATE_RE-ENTRIES,10.0,A-RVol v3 (NASDAQ Cash Defensive),1996-08-13,DEFENSIVE,MODERATE,CASH,QLD,True,False,143,,0.0587354836486517,,,75.05301856680839,,,
BY_STRATEGY_LATE_RE-ENTRIES,11.0,A-RVol v3 (NASDAQ Cash Defensive),1996-02-05,DEFENSIVE,MODERATE,CASH,QLD,True,False,47,,0.0551191020748751,,,75.82703058871758,,,
BY_STRATEGY_LATE_RE-ENTRIES,12.0,A-RVol v3 (NASDAQ Cash Defensive),1994-07-15,DEFENSIVE,MODERATE,CASH,QLD,True,False,28,,0.0443814710177419,,,78.47178306478813,,,
BY_STRATEGY_LATE_RE-ENTRIES,13.0,A-RVol v3 (NASDAQ Cash Defensive),1997-03-26,DEFENSIVE,MODERATE,CASH,QLD,True,True,2,,0.0392516056577592,,,,,,
BY_STRATEGY_LATE_RE-ENTRIES,14.0,A-RVol v3 (NASDAQ Cash Defensive),2003-04-22,DEFENSIVE,MODERATE,CASH,QLD,True,False,89,,0.0368567115250857,,,82.7874337378728,,,
BY_STRATEGY_LATE_RE-ENTRIES,15.0,A-RVol v3 (NASDAQ Cash Defensive),2008-05-02,DEFENSIVE,MODERATE,CASH,QLD,True,False,24,,0.0336820479682087,,,79.41240104946554,,,
BY_STRATEGY_LATE_RE-ENTRIES,16.0,A-RVol v3 (NASDAQ Cash Defensive),1995-09-26,DEFENSIVE,MODERATE,CASH,QLD,True,False,6,,0.0301276371106336,,,74.0449628344334,,,
BY_STRATEGY_LATE_RE-ENTRIES,17.0,A-RVol v3 (NASDAQ Cash Defensive),2006-02-10,DEFENSIVE,MODERATE,CASH,QLD,True,False,30,,0.0287415260849026,,,79.38323155941912,,,
BY_STRATEGY_LATE_RE-ENTRIES,18.0,A-RVol v3 (NASDAQ Cash Defensive),2015-12-14,DEFENSIVE,MODERATE,CASH,QLD,True,False,13,,0.0270556468599476,,,80.84341252430868,,,
BY_STRATEGY_LATE_RE-ENTRIES,19.0,A-RVol v3 (NASDAQ Cash Defensive),1996-07-17,DEFENSIVE,MODERATE,CASH,QLD,True,True,4,,0.0251486111669152,,,,,,
BY_STRATEGY_LATE_RE-ENTRIES,20.0,A-RVol v3 (NASDAQ Cash Defensive),2014-05-02,DEFENSIVE,MODERATE,CASH,QLD,True,False,10,,0.0243041311808325,,,75.7855845313108,,,
BY_STRATEGY_LATE_RE-ENTRIES,1.0,A-RVol v3 (NASDAQ QQQ Moderate),2000-08-24,DEFENSIVE,MODERATE,TLT,QQQ,True,False,17,,0.0966619667066446,,,70.88630002868916,,,
BY_STRATEGY_LATE_RE-ENTRIES,2.0,A-RVol v3 (NASDAQ QQQ Moderate),1999-07-08,DEFENSIVE,MODERATE,TLT,QQQ,True,False,70,,0.0762023759297765,,,72.96542331474198,,,
BY_STRATEGY_LATE_RE-ENTRIES,3.0,A-RVol v3 (NASDAQ QQQ Moderate),2020-10-23,DEFENSIVE,MODERATE,TLT,QQQ,True,False,27,,0.0570194292783083,,,75.93073245531929,,,
BY_STRATEGY_LATE_RE-ENTRIES,4.0,A-RVol v3 (NASDAQ QQQ Moderate),1998-01-06,DEFENSIVE,MODERATE,TLT,QQQ,True,False,58,,0.0524209102991071,,,83.08829518236384,,,
BY_STRATEGY_LATE_RE-ENTRIES,5.0,A-RVol v3 (NASDAQ QQQ Moderate),2009-06-04,DEFENSIVE,MODERATE,TLT,QQQ,True,False,21,,0.048424405989095,,,74.36333207331289,,,
BY_STRATEGY_LATE_RE-ENTRIES,6.0,A-RVol v3 (NASDAQ QQQ Moderate),1997-05-23,DEFENSIVE,MODERATE,TLT,QQQ,True,False,107,,0.0403201725205315,,,75.98121791617352,,,
BY_STRATEGY_LATE_RE-ENTRIES,7.0,A-RVol v3 (NASDAQ QQQ Moderate),1999-01-06,DEFENSIVE,MODERATE,TLT,QQQ,True,False,13,,0.0303884116541959,,,76.25784077118314,,,
BY_STRATEGY_LATE_RE-ENTRIES,8.0,A-RVol v3 (NASDAQ QQQ Moderate),2010-07-28,DEFENSIVE,MODERATE,TLT,QQQ,True,False,17,,0.02974086552934,,,77.97720378045885,,,
BY_STRATEGY_LATE_RE-ENTRIES,9.0,A-RVol v3 (NASDAQ QQQ Moderate),2022-08-16,DEFENSIVE,MODERATE,TLT,QQQ,True,True,4,,0.0291767625756007,,,,,,
BY_STRATEGY_LATE_RE-ENTRIES,10.0,A-RVol v3 (NASDAQ QQQ Moderate),1996-08-13,DEFENSIVE,MODERATE,TLT,QQQ,True,False,143,,0.0258539966351398,,,78.08074545764032,,,
BY_STRATEGY_LATE_RE-ENTRIES,11.0,A-RVol v3 (NASDAQ QQQ Moderate),1996-02-05,DEFENSIVE,MODERATE,TLT,QQQ,True,False,47,,0.0233797267417688,,,78.46764161172152,,,
BY_STRATEGY_LATE_RE-ENTRIES,12.0,A-RVol v3 (NASDAQ QQQ Moderate),1994-07-15,DEFENSIVE,MODERATE,TLT,QQQ,True,False,28,,0.0214691339079786,,,79.52810371723558,,,
BY_STRATEGY_LATE_RE-ENTRIES,13.0,A-RVol v3 (NASDAQ QQQ Moderate),1997-03-26,DEFENSIVE,MODERATE,TLT,QQQ,True,True,2,,0.0191107841953959,,,,,,
BY_STRATEGY_LATE_RE-ENTRIES,14.0,A-RVol v3 (NASDAQ QQQ Moderate),2003-04-22,DEFENSIVE,MODERATE,TLT,QQQ,True,False,89,,0.0178110079020556,,,81.30412951388138,,,
BY_STRATEGY_LATE_RE-ENTRIES,15.0,A-RVol v3 (NASDAQ QQQ Moderate),2008-05-02,DEFENSIVE,MODERATE,TLT,QQQ,True,False,24,,0.015195794579655,,,80.21055177839094,,,
BY_STRATEGY_LATE_RE-ENTRIES,16.0,A-RVol v3 (NASDAQ QQQ Moderate),1995-09-26,DEFENSIVE,MODERATE,TLT,QQQ,True,False,6,,0.013317675176182,,,77.35046732366389,,,
BY_STRATEGY_LATE_RE-ENTRIES,17.0,A-RVol v3 (NASDAQ QQQ Moderate),2015-12-14,DEFENSIVE,MODERATE,TLT,QQQ,True,False,13,,0.0132944955557297,,,80.56830158331292,,,
BY_STRATEGY_LATE_RE-ENTRIES,18.0,A-RVol v3 (NASDAQ QQQ Moderate),2014-05-02,DEFENSIVE,MODERATE,TLT,QQQ,True,False,10,,0.0116787616792863,,,77.96765108864909,,,
BY_STRATEGY_LATE_RE-ENTRIES,19.0,A-RVol v3 (NASDAQ QQQ Moderate),1996-07-17,DEFENSIVE,MODERATE,TLT,QQQ,True,True,4,,0.0116741976429575,,,,,,
BY_STRATEGY_LATE_RE-ENTRIES,20.0,A-RVol v3 (NASDAQ QQQ Moderate),2006-02-10,DEFENSIVE,MODERATE,TLT,QQQ,True,False,30,,0.0116079670238553,,,80.09139291669219,,,
BY_STRATEGY_LATE_RE-ENTRIES,1.0,A-RVol v3 (NASDAQ),2000-08-24,DEFENSIVE,MODERATE,TLT,QLD,True,False,17,,0.2289275756897657,,,57.598624945558754,,,
BY_STRATEGY_LATE_RE-ENTRIES,2.0,A-RVol v3 (NASDAQ),1999-07-08,DEFENSIVE,MODERATE,TLT,QLD,True,False,70,,0.1749729677335048,,,62.58843326180888,,,
BY_STRATEGY_LATE_RE-ENTRIES,3.0,A-RVol v3 (NASDAQ),2020-10-23,DEFENSIVE,MODERATE,TLT,QLD,True,False,27,,0.1198829962926815,,,70.66051576329275,,,
BY_STRATEGY_LATE_RE-ENTRIES,4.0,A-RVol v3 (NASDAQ),1998-01-06,DEFENSIVE,MODERATE,TLT,QLD,True,False,58,,0.1105234069834379,,,85.55629478653836,,,
BY_STRATEGY_LATE_RE-ENTRIES,5.0,A-RVol v3 (NASDAQ),2009-06-04,DEFENSIVE,MODERATE,TLT,QLD,True,False,21,,0.1012168436471321,,,68.05931645581428,,,
BY_STRATEGY_LATE_RE-ENTRIES,6.0,A-RVol v3 (NASDAQ),1997-05-23,DEFENSIVE,MODERATE,TLT,QLD,True,False,107,,0.0864593305333862,,,70.53283168180887,,,
BY_STRATEGY_LATE_RE-ENTRIES,7.0,A-RVol v3 (NASDAQ),1999-01-06,DEFENSIVE,MODERATE,TLT,QLD,True,False,13,,0.0649829441031408,,,71.42034521929642,,,
BY_STRATEGY_LATE_RE-ENTRIES,8.0,A-RVol v3 (NASDAQ),2010-07-28,DEFENSIVE,MODERATE,TLT,QLD,True,False,17,,0.0630211175797863,,,75.54018296231605,,,
BY_STRATEGY_LATE_RE-ENTRIES,9.0,A-RVol v3 (NASDAQ),2022-08-16,DEFENSIVE,MODERATE,TLT,QLD,True,True,4,,0.0601253343911132,,,,,,
BY_STRATEGY_LATE_RE-ENTRIES,10.0,A-RVol v3 (NASDAQ),1996-08-13,DEFENSIVE,MODERATE,TLT,QLD,True,False,143,,0.0587354836486517,,,75.05301856680839,,,
BY_STRATEGY_LATE_RE-ENTRIES,11.0,A-RVol v3 (NASDAQ),1996-02-05,DEFENSIVE,MODERATE,TLT,QLD,True,False,47,,0.0551191020748751,,,75.82703058871758,,,
BY_STRATEGY_LATE_RE-ENTRIES,12.0,A-RVol v3 (NASDAQ),1994-07-15,DEFENSIVE,MODERATE,TLT,QLD,True,False,28,,0.0443814710177419,,,78.47178306478813,,,
BY_STRATEGY_LATE_RE-ENTRIES,13.0,A-RVol v3 (NASDAQ),1997-03-26,DEFENSIVE,MODERATE,TLT,QLD,True,True,2,,0.0392516056577592,,,,,,
BY_STRATEGY_LATE_RE-ENTRIES,14.0,A-RVol v3 (NASDAQ),2003-04-22,DEFENSIVE,MODERATE,TLT,QLD,True,False,89,,0.0368567115250857,,,82.7874337378728,,,
BY_STRATEGY_LATE_RE-ENTRIES,15.0,A-RVol v3 (NASDAQ),2008-05-02,DEFENSIVE,MODERATE,TLT,QLD,True,False,24,,0.0336820479682087,,,79.41240104946554,,,
BY_STRATEGY_LATE_RE-ENTRIES,16.0,A-RVol v3 (NASDAQ),1995-09-26,DEFENSIVE,MODERATE,TLT,QLD,True,False,6,,0.0301276371106336,,,74.0449628344334,,,
BY_STRATEGY_LATE_RE-ENTRIES,17.0,A-RVol v3 (NASDAQ),2006-02-10,DEFENSIVE,MODERATE,TLT,QLD,True,False,30,,0.0287415260849026,,,79.38323155941912,,,
BY_STRATEGY_LATE_RE-ENTRIES,18.0,A-RVol v3 (NASDAQ),2015-12-14,DEFENSIVE,MODERATE,TLT,QLD,True,False,13,,0.0270556468599476,,,80.84341252430868,,,
BY_STRATEGY_LATE_RE-ENTRIES,19.0,A-RVol v3 (NASDAQ),1996-07-17,DEFENSIVE,MODERATE,TLT,QLD,True,True,4,,0.0251486111669152,,,,,,
BY_STRATEGY_LATE_RE-ENTRIES,20.0,A-RVol v3 (NASDAQ),2014-05-02,DEFENSIVE,MODERATE,TLT,QLD,True,False,10,,0.0243041311808325,,,75.7855845313108,,,
BY_STRATEGY_LATE_RE-ENTRIES,1.0,A-RVol v3 (S&P 500),2022-01-12,DEFENSIVE,MODERATE,TLT,SSO,True,False,11,,0.1956953257882097,,,48.41594585461012,,,
BY_STRATEGY_LATE_RE-ENTRIES,2.0,A-RVol v3 (S&P 500),2010-08-06,DEFENSIVE,MODERATE,TLT,SSO,True,False,10,,0.0863988897016496,,,63.815854012120624,,,
BY_STRATEGY_LATE_RE-ENTRIES,3.0,A-RVol v3 (S&P 500),2024-08-29,DEFENSIVE,MODERATE,TLT,SSO,True,False,20,,0.0698923975243082,,,72.32345646996389,,,
BY_STRATEGY_LATE_RE-ENTRIES,4.0,A-RVol v3 (S&P 500),2022-12-08,DEFENSIVE,MODERATE,TLT,SSO,True,False,6,,0.0357918438002633,,,72.9405743695184,,,
BY_STRATEGY_LATE_RE-ENTRIES,5.0,A-RVol v3 (S&P 500),2025-05-13,DEFENSIVE,MODERATE,TLT,SSO,True,False,14,,0.0293743389002882,,,78.0000088931939,,,
BY_STRATEGY_LATE_RE-ENTRIES,6.0,A-RVol v3 (S&P 500),2022-08-12,DEFENSIVE,MODERATE,TLT,SSO,True,False,6,,0.0244036047060307,,,75.16578697187907,,,
BY_STRATEGY_LATE_RE-ENTRIES,7.0,A-RVol v3 (S&P 500),2016-03-04,DEFENSIVE,MODERATE,TLT,SSO,True,False,17,,0.0203422425267092,,,81.62607279112615,,,
BY_STRATEGY_LATE_RE-ENTRIES,8.0,A-RVol v3 (S&P 500),2026-07-10,DEFENSIVE,MODERATE,TLT,SSO,True,True,3,,0.015516522538973,,,,,,
BY_STRATEGY_LATE_RE-ENTRIES,9.0,A-RVol v3 (S&P 500),2015-10-19,DEFENSIVE,MODERATE,TLT,SSO,True,False,11,,0.0139539842899394,,,83.8688089129084,,,
BY_STRATEGY_LATE_RE-ENTRIES,10.0,A-RVol v3 (S&P 500),2026-04-20,DEFENSIVE,MODERATE,TLT,SSO,True,True,2,,0.0130405636243473,,,,,,
BY_STRATEGY_LATE_RE-ENTRIES,11.0,A-RVol v3 (S&P 500),2023-01-10,DEFENSIVE,MODERATE,TLT,SSO,True,False,61,,0.0124671717170383,,,86.33283569671913,,,
BY_STRATEGY_LATE_RE-ENTRIES,12.0,A-RVol v3 (S&P 500),2010-02-17,DEFENSIVE,MODERATE,TLT,SSO,True,False,7,,0.0075859047408051,,,79.84259751088324,,,
BY_STRATEGY_LATE_RE-ENTRIES,1.0,A-RVol v3 (Semiconductors),2025-11-03,DEFENSIVE,MODERATE,TLT,USD,True,False,15,,0.3014567647323056,,,39.26394792628434,,,
BY_STRATEGY_LATE_RE-ENTRIES,2.0,A-RVol v3 (Semiconductors),2025-02-18,DEFENSIVE,MODERATE,TLT,USD,True,False,7,,0.1946430420437319,,,43.60844491899741,,,
BY_STRATEGY_LATE_RE-ENTRIES,3.0,A-RVol v3 (Semiconductors),2024-04-01,DEFENSIVE,MODERATE,TLT,USD,True,False,14,,0.1922620217381789,,,51.81607628437626,,,
BY_STRATEGY_LATE_RE-ENTRIES,4.0,A-RVol v3 (Semiconductors),2021-04-27,DEFENSIVE,MODERATE,TLT,USD,True,False,11,,0.1790659426115053,,,48.81113460285278,,,
BY_STRATEGY_LATE_RE-ENTRIES,5.0,A-RVol v3 (Semiconductors),2010-08-06,DEFENSIVE,MODERATE,TLT,USD,True,False,10,,0.1682198983766119,,,48.2938701592275,,,
BY_STRATEGY_LATE_RE-ENTRIES,6.0,A-RVol v3 (Semiconductors),2012-10-16,DEFENSIVE,MODERATE,TLT,USD,True,False,20,,0.1320345336829995,,,64.68592205756738,,,
BY_STRATEGY_LATE_RE-ENTRIES,7.0,A-RVol v3 (Semiconductors),2019-09-16,DEFENSIVE,MODERATE,TLT,USD,True,False,45,,0.1217396784778717,,,63.53467769395978,,,
BY_STRATEGY_LATE_RE-ENTRIES,8.0,A-RVol v3 (Semiconductors),2024-12-04,DEFENSIVE,MODERATE,TLT,USD,True,False,34,,0.1206219979376181,,,69.6189801116034,,,
BY_STRATEGY_LATE_RE-ENTRIES,9.0,A-RVol v3 (Semiconductors),2026-01-09,DEFENSIVE,MODERATE,TLT,USD,True,False,19,,0.1181117578956805,,,69.29099319354567,,,
BY_STRATEGY_LATE_RE-ENTRIES,10.0,A-RVol v3 (Semiconductors),2018-03-08,DEFENSIVE,MODERATE,TLT,USD,True,False,12,,0.1112494206271483,,,69.4635059054544,,,
BY_STRATEGY_LATE_RE-ENTRIES,11.0,A-RVol v3 (Semiconductors),2023-06-20,DEFENSIVE,MODERATE,TLT,USD,True,False,37,,0.1070328281280703,,,74.63114174998529,,,
BY_STRATEGY_LATE_RE-ENTRIES,12.0,A-RVol v3 (Semiconductors),2024-10-10,DEFENSIVE,MODERATE,TLT,USD,True,False,34,,0.1033841902826708,,,75.35321305861714,,,
BY_STRATEGY_LATE_RE-ENTRIES,13.0,A-RVol v3 (Semiconductors),2023-08-21,DEFENSIVE,MODERATE,TLT,USD,True,False,46,,0.0991820530085565,,,73.25163584777579,,,
BY_STRATEGY_LATE_RE-ENTRIES,14.0,A-RVol v3 (Semiconductors),2015-07-14,DEFENSIVE,MODERATE,TLT,USD,True,False,8,,0.0928652370437177,,,66.26417298722978,,,
BY_STRATEGY_LATE_RE-ENTRIES,15.0,A-RVol v3 (Semiconductors),2023-04-06,DEFENSIVE,MODERATE,TLT,USD,True,False,34,,0.0896383291342166,,,68.69999756527882,,,
BY_STRATEGY_LATE_RE-ENTRIES,16.0,A-RVol v3 (Semiconductors),2026-03-02,DEFENSIVE,MODERATE,TLT,USD,True,False,8,,0.0768619905869076,,,70.09784437032806,,,
BY_STRATEGY_LATE_RE-ENTRIES,17.0,A-RVol v3 (Semiconductors),2018-07-10,DEFENSIVE,MODERATE,TLT,USD,True,False,16,,0.0749431798474453,,,68.78600303910552,,,
BY_STRATEGY_LATE_RE-ENTRIES,18.0,A-RVol v3 (Semiconductors),2015-04-16,DEFENSIVE,MODERATE,TLT,USD,True,False,26,,0.0733597660401152,,,70.80931899322331,,,
BY_STRATEGY_LATE_RE-ENTRIES,19.0,A-RVol v3 (Semiconductors),2020-09-30,DEFENSIVE,MODERATE,TLT,USD,True,False,30,,0.0660879377900705,,,83.09123374229402,,,
BY_STRATEGY_LATE_RE-ENTRIES,20.0,A-RVol v3 (Semiconductors),2015-07-30,DEFENSIVE,MODERATE,TLT,USD,True,False,11,,0.0496911854392621,,,71.18891346317952,,,
BY_STRATEGY_WHIPSAWS,1.0,A-RVol v3 (NASDAQ 2-State Cash),1998-08-27,MODERATE,DEFENSIVE,TQQQ,CASH,True,True,3,-0.3912752067951167,,0.0256228960314072,0.3912752067951167,35.09680686709857,,,
BY_STRATEGY_WHIPSAWS,2.0,A-RVol v3 (NASDAQ 2-State Cash),1997-10-24,MODERATE,DEFENSIVE,TQQQ,CASH,True,True,2,-0.2435434820855706,,0.1935010219114414,0.2435434820855706,66.25486390264683,,,
BY_STRATEGY_WHIPSAWS,3.0,A-RVol v3 (NASDAQ 2-State Cash),2015-08-21,MODERATE,DEFENSIVE,TQQQ,CASH,True,True,3,-0.2277175398496347,,0.0568303938234581,0.2277175398496347,57.22032672392048,,,
BY_STRATEGY_WHIPSAWS,4.0,A-RVol v3 (NASDAQ 2-State Cash),2010-05-06,MODERATE,DEFENSIVE,TQQQ,CASH,True,True,2,-0.1656039803705303,,0.2246359974681079,0.1656039803705303,78.09840215298499,,,
BY_STRATEGY_WHIPSAWS,5.0,A-RVol v3 (NASDAQ 2-State Cash),1995-10-04,MODERATE,DEFENSIVE,TQQQ,CASH,True,True,5,-0.163270951213431,,0.0,0.163270951213431,60.40748585438827,,,
BY_STRATEGY_WHIPSAWS,6.0,A-RVol v3 (NASDAQ 2-State Cash),2009-07-06,MODERATE,DEFENSIVE,TQQQ,CASH,True,True,1,-0.1552454981623757,,0.0,0.1552454981623757,61.37054022051491,,,
BY_STRATEGY_WHIPSAWS,7.0,A-RVol v3 (NASDAQ 2-State Cash),2009-07-08,MODERATE,DEFENSIVE,TQQQ,CASH,True,True,1,-0.1369559540678433,,0.0,0.1369559540678433,63.5652855118588,,,
BY_STRATEGY_WHIPSAWS,8.0,A-RVol v3 (NASDAQ 2-State Cash),2021-03-04,MODERATE,DEFENSIVE,TQQQ,CASH,True,True,3,-0.1276618497801263,,0.0085259291488892,0.1276618497801263,65.36265235829599,,,
BY_STRATEGY_WHIPSAWS,9.0,A-RVol v3 (NASDAQ 2-State Cash),2012-05-31,MODERATE,DEFENSIVE,TQQQ,CASH,True,True,1,-0.1138336565764097,,0.0,0.1138336565764097,66.33996121083082,,,
BY_STRATEGY_WHIPSAWS,10.0,A-RVol v3 (NASDAQ 2-State Cash),2015-12-11,MODERATE,DEFENSIVE,TQQQ,CASH,True,True,1,-0.0942156822286026,,0.2452682186334881,0.0942156822286026,88.31557562324673,,,
BY_STRATEGY_WHIPSAWS,11.0,A-RVol v3 (NASDAQ 2-State Cash),2022-08-16,DEFENSIVE,MODERATE,CASH,TQQQ,True,True,4,,0.0930695112172539,,0.0930695112172539,,,,
BY_STRATEGY_WHIPSAWS,12.0,A-RVol v3 (NASDAQ 2-State Cash),2009-08-31,MODERATE,DEFENSIVE,TQQQ,CASH,True,True,1,-0.0855331802074255,,0.0030310212495276,0.0855331802074255,69.97850007507115,,,
BY_STRATEGY_WHIPSAWS,13.0,A-RVol v3 (NASDAQ 2-State Cash),2012-06-04,MODERATE,DEFENSIVE,TQQQ,CASH,True,True,1,-0.0823656947571394,,0.0,0.0823656947571394,70.11611662914328,,,
BY_STRATEGY_WHIPSAWS,14.0,A-RVol v3 (NASDAQ 2-State Cash),2009-07-10,MODERATE,DEFENSIVE,TQQQ,CASH,True,True,1,-0.0769111243444909,,0.0,0.0769111243444909,70.77066507866108,,,
BY_STRATEGY_WHIPSAWS,15.0,A-RVol v3 (NASDAQ 2-State Cash),2025-11-20,MODERATE,DEFENSIVE,TQQQ,CASH,True,True,3,-0.0694220592273927,,0.050182663235429,0.0694220592273927,75.6839659515472,,,
BY_STRATEGY_WHIPSAWS,16.0,A-RVol v3 (NASDAQ 2-State Cash),2009-09-02,MODERATE,DEFENSIVE,TQQQ,CASH,True,True,1,-0.068323420595002,,0.0,0.068323420595002,71.80118952859975,,,
BY_STRATEGY_WHIPSAWS,17.0,A-RVol v3 (NASDAQ 2-State Cash),2015-12-08,MODERATE,DEFENSIVE,TQQQ,CASH,True,True,1,-0.0621696682316457,,0.2192892900016848,0.0621696682316457,90.0827830123373,,,
BY_STRATEGY_WHIPSAWS,18.0,A-RVol v3 (NASDAQ 2-State Cash),1996-07-23,MODERATE,DEFENSIVE,TQQQ,CASH,True,True,3,-0.0604215043158585,,0.0615090579374602,0.0604215043158585,77.67014411709378,,,
BY_STRATEGY_WHIPSAWS,19.0,A-RVol v3 (NASDAQ 2-State Cash),1997-03-26,DEFENSIVE,MODERATE,CASH,TQQQ,True,True,2,,0.0601813752069035,,0.0601813752069035,,,,
BY_STRATEGY_WHIPSAWS,20.0,A-RVol v3 (NASDAQ 2-State Cash),1997-03-31,MODERATE,DEFENSIVE,TQQQ,CASH,True,True,4,-0.052845342782327,,0.1205013636906517,0.052845342782327,83.2986679613729,,,
BY_STRATEGY_WHIPSAWS,1.0,A-RVol v3 (NASDAQ 2-State SQQQ),1998-08-27,MODERATE,DEFENSIVE,TQQQ,SQQQ,True,True,3,-0.3912752067951167,,0.0256228960314072,0.3912752067951167,35.09680686709857,,,
BY_STRATEGY_WHIPSAWS,2.0,A-RVol v3 (NASDAQ 2-State SQQQ),1997-10-24,MODERATE,DEFENSIVE,TQQQ,SQQQ,True,True,2,-0.2435434820855706,,0.1935010219114414,0.2435434820855706,66.25486390264683,,,
BY_STRATEGY_WHIPSAWS,3.0,A-RVol v3 (NASDAQ 2-State SQQQ),2015-08-21,MODERATE,DEFENSIVE,TQQQ,SQQQ,True,True,3,-0.2277175398496347,,0.0568303938234581,0.2277175398496347,57.22032672392048,,,
BY_STRATEGY_WHIPSAWS,4.0,A-RVol v3 (NASDAQ 2-State SQQQ),2010-05-06,MODERATE,DEFENSIVE,TQQQ,SQQQ,True,True,2,-0.1656039803705303,,0.2246359974681079,0.1656039803705303,78.09840215298499,,,
BY_STRATEGY_WHIPSAWS,5.0,A-RVol v3 (NASDAQ 2-State SQQQ),1995-10-04,MODERATE,DEFENSIVE,TQQQ,SQQQ,True,True,5,-0.163270951213431,,0.0,0.163270951213431,60.40748585438827,,,
BY_STRATEGY_WHIPSAWS,6.0,A-RVol v3 (NASDAQ 2-State SQQQ),2009-07-06,MODERATE,DEFENSIVE,TQQQ,SQQQ,True,True,1,-0.1552454981623757,,0.0,0.1552454981623757,61.37054022051491,,,
BY_STRATEGY_WHIPSAWS,7.0,A-RVol v3 (NASDAQ 2-State SQQQ),2009-07-08,MODERATE,DEFENSIVE,TQQQ,SQQQ,True,True,1,-0.1369559540678433,,0.0,0.1369559540678433,63.5652855118588,,,
BY_STRATEGY_WHIPSAWS,8.0,A-RVol v3 (NASDAQ 2-State SQQQ),2021-03-04,MODERATE,DEFENSIVE,TQQQ,SQQQ,True,True,3,-0.1276618497801263,,0.0085259291488892,0.1276618497801263,65.36265235829599,,,
BY_STRATEGY_WHIPSAWS,9.0,A-RVol v3 (NASDAQ 2-State SQQQ),2012-05-31,MODERATE,DEFENSIVE,TQQQ,SQQQ,True,True,1,-0.1138336565764097,,0.0,0.1138336565764097,66.33996121083082,,,
BY_STRATEGY_WHIPSAWS,10.0,A-RVol v3 (NASDAQ 2-State SQQQ),2015-12-11,MODERATE,DEFENSIVE,TQQQ,SQQQ,True,True,1,-0.0942156822286026,,0.2452682186334881,0.0942156822286026,88.31557562324673,,,
BY_STRATEGY_WHIPSAWS,11.0,A-RVol v3 (NASDAQ 2-State SQQQ),2022-08-16,DEFENSIVE,MODERATE,SQQQ,TQQQ,True,True,4,,0.0930695112172539,,0.0930695112172539,,,,
BY_STRATEGY_WHIPSAWS,12.0,A-RVol v3 (NASDAQ 2-State SQQQ),2009-08-31,MODERATE,DEFENSIVE,TQQQ,SQQQ,True,True,1,-0.0855331802074255,,0.0030310212495276,0.0855331802074255,69.97850007507115,,,
BY_STRATEGY_WHIPSAWS,13.0,A-RVol v3 (NASDAQ 2-State SQQQ),2012-06-04,MODERATE,DEFENSIVE,TQQQ,SQQQ,True,True,1,-0.0823656947571394,,0.0,0.0823656947571394,70.11611662914328,,,
BY_STRATEGY_WHIPSAWS,14.0,A-RVol v3 (NASDAQ 2-State SQQQ),2009-07-10,MODERATE,DEFENSIVE,TQQQ,SQQQ,True,True,1,-0.0769111243444909,,0.0,0.0769111243444909,70.77066507866108,,,
BY_STRATEGY_WHIPSAWS,15.0,A-RVol v3 (NASDAQ 2-State SQQQ),2025-11-20,MODERATE,DEFENSIVE,TQQQ,SQQQ,True,True,3,-0.0694220592273927,,0.050182663235429,0.0694220592273927,75.6839659515472,,,
BY_STRATEGY_WHIPSAWS,16.0,A-RVol v3 (NASDAQ 2-State SQQQ),2009-09-02,MODERATE,DEFENSIVE,TQQQ,SQQQ,True,True,1,-0.068323420595002,,0.0,0.068323420595002,71.80118952859975,,,
BY_STRATEGY_WHIPSAWS,17.0,A-RVol v3 (NASDAQ 2-State SQQQ),2015-12-08,MODERATE,DEFENSIVE,TQQQ,SQQQ,True,True,1,-0.0621696682316457,,0.2192892900016848,0.0621696682316457,90.0827830123373,,,
BY_STRATEGY_WHIPSAWS,18.0,A-RVol v3 (NASDAQ 2-State SQQQ),1996-07-23,MODERATE,DEFENSIVE,TQQQ,SQQQ,True,True,3,-0.0604215043158585,,0.0615090579374602,0.0604215043158585,77.67014411709378,,,
BY_STRATEGY_WHIPSAWS,19.0,A-RVol v3 (NASDAQ 2-State SQQQ),1997-03-26,DEFENSIVE,MODERATE,SQQQ,TQQQ,True,True,2,,0.0601813752069035,,0.0601813752069035,,,,
BY_STRATEGY_WHIPSAWS,20.0,A-RVol v3 (NASDAQ 2-State SQQQ),1997-03-31,MODERATE,DEFENSIVE,TQQQ,SQQQ,True,True,4,-0.052845342782327,,0.1205013636906517,0.052845342782327,83.2986679613729,,,
BY_STRATEGY_WHIPSAWS,1.0,A-RVol v3 (NASDAQ 2-State),1998-08-27,MODERATE,DEFENSIVE,TQQQ,TLT,True,True,3,-0.3912752067951167,,0.0256228960314072,0.3912752067951167,35.09680686709857,,,
BY_STRATEGY_WHIPSAWS,2.0,A-RVol v3 (NASDAQ 2-State),1997-10-24,MODERATE,DEFENSIVE,TQQQ,TLT,True,True,2,-0.2435434820855706,,0.1935010219114414,0.2435434820855706,66.25486390264683,,,
BY_STRATEGY_WHIPSAWS,3.0,A-RVol v3 (NASDAQ 2-State),2015-08-21,MODERATE,DEFENSIVE,TQQQ,TLT,True,True,3,-0.2277175398496347,,0.0568303938234581,0.2277175398496347,57.22032672392048,,,
BY_STRATEGY_WHIPSAWS,4.0,A-RVol v3 (NASDAQ 2-State),2010-05-06,MODERATE,DEFENSIVE,TQQQ,TLT,True,True,2,-0.1656039803705303,,0.2246359974681079,0.1656039803705303,78.09840215298499,,,
BY_STRATEGY_WHIPSAWS,5.0,A-RVol v3 (NASDAQ 2-State),2009-07-06,MODERATE,DEFENSIVE,TQQQ,TLT,True,True,1,-0.1552454981623757,,0.0,0.1552454981623757,61.37054022051491,,,
BY_STRATEGY_WHIPSAWS,6.0,A-RVol v3 (NASDAQ 2-State),2009-07-08,MODERATE,DEFENSIVE,TQQQ,TLT,True,True,1,-0.1369559540678433,,0.0,0.1369559540678433,63.5652855118588,,,
BY_STRATEGY_WHIPSAWS,7.0,A-RVol v3 (NASDAQ 2-State),2021-03-04,MODERATE,DEFENSIVE,TQQQ,TLT,True,True,3,-0.1276618497801263,,0.0085259291488892,0.1276618497801263,65.36265235829599,,,
BY_STRATEGY_WHIPSAWS,8.0,A-RVol v3 (NASDAQ 2-State),1995-10-04,MODERATE,DEFENSIVE,TQQQ,TLT,True,True,5,-0.1247329320183867,,0.0252732720732792,0.1247329320183867,67.05390992365594,,,
BY_STRATEGY_WHIPSAWS,9.0,A-RVol v3 (NASDAQ 2-State),2012-05-31,MODERATE,DEFENSIVE,TQQQ,TLT,True,True,1,-0.1138336565764097,,0.0,0.1138336565764097,66.33996121083082,,,
BY_STRATEGY_WHIPSAWS,10.0,A-RVol v3 (NASDAQ 2-State),2015-12-11,MODERATE,DEFENSIVE,TQQQ,TLT,True,True,1,-0.0942156822286026,,0.2452682186334881,0.0942156822286026,88.31557562324673,,,
BY_STRATEGY_WHIPSAWS,11.0,A-RVol v3 (NASDAQ 2-State),2022-08-16,DEFENSIVE,MODERATE,TLT,TQQQ,True,True,4,,0.0930695112172539,,0.0930695112172539,,,,
BY_STRATEGY_WHIPSAWS,12.0,A-RVol v3 (NASDAQ 2-State),2009-08-31,MODERATE,DEFENSIVE,TQQQ,TLT,True,True,1,-0.0855331802074255,,0.0030310212495276,0.0855331802074255,69.97850007507115,,,
BY_STRATEGY_WHIPSAWS,13.0,A-RVol v3 (NASDAQ 2-State),2012-06-04,MODERATE,DEFENSIVE,TQQQ,TLT,True,True,1,-0.0823656947571394,,0.0,0.0823656947571394,70.11611662914328,,,
BY_STRATEGY_WHIPSAWS,14.0,A-RVol v3 (NASDAQ 2-State),2009-07-10,MODERATE,DEFENSIVE,TQQQ,TLT,True,True,1,-0.0769111243444909,,0.0,0.0769111243444909,70.77066507866108,,,
BY_STRATEGY_WHIPSAWS,15.0,A-RVol v3 (NASDAQ 2-State),2025-11-20,MODERATE,DEFENSIVE,TQQQ,TLT,True,True,3,-0.0694220592273927,,0.050182663235429,0.0694220592273927,75.6839659515472,,,
BY_STRATEGY_WHIPSAWS,16.0,A-RVol v3 (NASDAQ 2-State),2009-09-02,MODERATE,DEFENSIVE,TQQQ,TLT,True,True,1,-0.068323420595002,,0.0,0.068323420595002,71.80118952859975,,,
BY_STRATEGY_WHIPSAWS,17.0,A-RVol v3 (NASDAQ 2-State),2015-12-08,MODERATE,DEFENSIVE,TQQQ,TLT,True,True,1,-0.0621696682316457,,0.2192892900016848,0.0621696682316457,90.0827830123373,,,
BY_STRATEGY_WHIPSAWS,18.0,A-RVol v3 (NASDAQ 2-State),1996-07-23,MODERATE,DEFENSIVE,TQQQ,TLT,True,True,3,-0.0604215043158585,,0.0615090579374602,0.0604215043158585,77.67014411709378,,,
BY_STRATEGY_WHIPSAWS,19.0,A-RVol v3 (NASDAQ 2-State),1997-03-26,DEFENSIVE,MODERATE,TLT,TQQQ,True,True,2,,0.0601813752069035,,0.0601813752069035,,,,
BY_STRATEGY_WHIPSAWS,20.0,A-RVol v3 (NASDAQ 2-State),1997-03-31,MODERATE,DEFENSIVE,TQQQ,TLT,True,True,4,-0.052845342782327,,0.1205013636906517,0.052845342782327,83.2986679613729,,,
BY_STRATEGY_WHIPSAWS,1.0,A-RVol v3 (NASDAQ Cash Defensive),1998-08-27,MODERATE,DEFENSIVE,QLD,CASH,True,True,3,-0.2650937730382533,,0.0167912402494935,0.2650937730382533,49.53204645536909,,,
BY_STRATEGY_WHIPSAWS,2.0,A-RVol v3 (NASDAQ Cash Defensive),1997-10-24,MODERATE,DEFENSIVE,QLD,CASH,True,True,2,-0.1575849689390488,,0.1294820996242617,0.1575849689390488,71.44837169725508,,,
BY_STRATEGY_WHIPSAWS,3.0,A-RVol v3 (NASDAQ Cash Defensive),2015-08-21,MODERATE,DEFENSIVE,QLD,CASH,True,True,3,-0.1511614224656542,,0.0375299401040357,0.1511614224656542,64.86302451244435,,,
BY_STRATEGY_WHIPSAWS,4.0,A-RVol v3 (NASDAQ Cash Defensive),2010-05-06,MODERATE,DEFENSIVE,QLD,CASH,True,True,2,-0.1084670585829835,,0.1492935525913922,0.1084670585829835,78.92743717735334,,,
BY_STRATEGY_WHIPSAWS,5.0,A-RVol v3 (NASDAQ Cash Defensive),1995-10-04,MODERATE,DEFENSIVE,QLD,CASH,True,True,5,-0.1077331158311351,,0.0,0.1077331158311351,67.07202610026378,,,
BY_STRATEGY_WHIPSAWS,6.0,A-RVol v3 (NASDAQ Cash Defensive),2009-07-06,MODERATE,DEFENSIVE,QLD,CASH,True,True,1,-0.1016739056395543,,0.0,0.1016739056395543,67.79913132325348,,,
BY_STRATEGY_WHIPSAWS,7.0,A-RVol v3 (NASDAQ Cash Defensive),2009-07-08,MODERATE,DEFENSIVE,QLD,CASH,True,True,1,-0.0917409390058648,,0.0,0.0917409390058648,68.99108731929621,,,
BY_STRATEGY_WHIPSAWS,8.0,A-RVol v3 (NASDAQ Cash Defensive),2021-03-04,MODERATE,DEFENSIVE,QLD,CASH,True,True,3,-0.0806690364137309,,0.005974610846309,0.0806690364137309,70.79768449805701,,,
BY_STRATEGY_WHIPSAWS,9.0,A-RVol v3 (NASDAQ Cash Defensive),2012-05-31,MODERATE,DEFENSIVE,QLD,CASH,True,True,1,-0.0770582772848321,,0.0,0.0770582772848321,70.75300672582014,,,
BY_STRATEGY_WHIPSAWS,10.0,A-RVol v3 (NASDAQ Cash Defensive),2015-12-11,MODERATE,DEFENSIVE,QLD,CASH,True,True,1,-0.0617313698661659,,0.167070794117205,0.0617313698661659,85.95789914543649,,,
BY_STRATEGY_WHIPSAWS,11.0,A-RVol v3 (NASDAQ Cash Defensive),2022-08-16,DEFENSIVE,MODERATE,CASH,QLD,True,True,4,,0.0601253343911132,,0.0601253343911132,,,,
BY_STRATEGY_WHIPSAWS,12.0,A-RVol v3 (NASDAQ Cash Defensive),2009-08-31,MODERATE,DEFENSIVE,QLD,CASH,True,True,1,-0.0575277450823308,,0.0020418300084462,0.0575277450823308,73.260016990796,,,
BY_STRATEGY_WHIPSAWS,13.0,A-RVol v3 (NASDAQ Cash Defensive),2012-06-04,MODERATE,DEFENSIVE,QLD,CASH,True,True,1,-0.0551535405374784,,0.0,0.0551535405374784,73.38157513550259,,,
BY_STRATEGY_WHIPSAWS,14.0,A-RVol v3 (NASDAQ Cash Defensive),2009-07-10,MODERATE,DEFENSIVE,QLD,CASH,True,True,1,-0.048615466184594,,0.0,0.048615466184594,74.16614405784873,,,
BY_STRATEGY_WHIPSAWS,15.0,A-RVol v3 (NASDAQ Cash Defensive),2009-09-02,MODERATE,DEFENSIVE,QLD,CASH,True,True,1,-0.0466206546007772,,0.0,0.0466206546007772,74.40552144790672,,,
BY_STRATEGY_WHIPSAWS,16.0,A-RVol v3 (NASDAQ Cash Defensive),2025-11-20,MODERATE,DEFENSIVE,QLD,CASH,True,True,3,-0.044338973311065,,0.0320818598798673,0.044338973311065,77.24587199306157,,,
BY_STRATEGY_WHIPSAWS,17.0,A-RVol v3 (NASDAQ Cash Defensive),2015-12-08,MODERATE,DEFENSIVE,QLD,CASH,True,True,1,-0.0402701997361112,,0.1506254765434991,0.0402701997361112,87.21761415514658,,,
BY_STRATEGY_WHIPSAWS,18.0,A-RVol v3 (NASDAQ Cash Defensive),1997-03-26,DEFENSIVE,MODERATE,CASH,QLD,True,True,2,,0.0392516056577592,,0.0392516056577592,,,,
BY_STRATEGY_WHIPSAWS,19.0,A-RVol v3 (NASDAQ Cash Defensive),1996-07-23,MODERATE,DEFENSIVE,QLD,CASH,True,True,3,-0.0368328467822466,,0.0409363296306618,0.0368328467822466,78.85496475658334,,,
BY_STRATEGY_WHIPSAWS,20.0,A-RVol v3 (NASDAQ Cash Defensive),2026-07-29,MODERATE,DEFENSIVE,QLD,CASH,True,True,4,0.0361985386762873,,0.0252001065776626,0.0361985386762873,82.01600852621301,,,
BY_STRATEGY_WHIPSAWS,1.0,A-RVol v3 (NASDAQ QQQ Moderate),1998-08-27,MODERATE,DEFENSIVE,QQQ,TLT,True,True,3,-0.1329378479182147,,0.0079656979239101,0.1329378479182147,64.68471408372704,,,
BY_STRATEGY_WHIPSAWS,2.0,A-RVol v3 (NASDAQ QQQ Moderate),2015-08-21,MODERATE,DEFENSIVE,QQQ,TLT,True,True,3,-0.0753835454063847,,0.0192175076767071,0.0753835454063847,72.49137516537041,,,
BY_STRATEGY_WHIPSAWS,3.0,A-RVol v3 (NASDAQ QQQ Moderate),1997-10-24,MODERATE,DEFENSIVE,QQQ,TLT,True,True,2,-0.0748113770171841,,0.0638437342751335,0.0748113770171841,76.1301334999486,,,
BY_STRATEGY_WHIPSAWS,4.0,A-RVol v3 (NASDAQ QQQ Moderate),2009-07-06,MODERATE,DEFENSIVE,QQQ,TLT,True,True,1,-0.0526748111547263,,0.0,0.0526748111547263,73.67902266143284,,,
BY_STRATEGY_WHIPSAWS,5.0,A-RVol v3 (NASDAQ QQQ Moderate),2010-05-06,MODERATE,DEFENSIVE,QQQ,TLT,True,True,2,-0.0523704923180108,,0.0749424132105164,0.0523704923180108,79.71093397868002,,,
BY_STRATEGY_WHIPSAWS,6.0,A-RVol v3 (NASDAQ QQQ Moderate),1995-10-04,MODERATE,DEFENSIVE,QQQ,TLT,True,True,5,-0.052315166118548,,0.0,0.052315166118548,73.72218006577424,,,
BY_STRATEGY_WHIPSAWS,7.0,A-RVol v3 (NASDAQ QQQ Moderate),2009-07-08,MODERATE,DEFENSIVE,QQQ,TLT,True,True,1,-0.0460907471999143,,0.0,0.0460907471999143,74.46911033601029,,,
BY_STRATEGY_WHIPSAWS,8.0,A-RVol v3 (NASDAQ QQQ Moderate),2012-05-31,MODERATE,DEFENSIVE,QQQ,TLT,True,True,1,-0.0389754135039848,,0.0,0.0389754135039848,75.32295037952181,,,
BY_STRATEGY_WHIPSAWS,9.0,A-RVol v3 (NASDAQ QQQ Moderate),2021-03-04,MODERATE,DEFENSIVE,QQQ,TLT,True,True,3,-0.0381331722627128,,0.0028543222896461,0.0381331722627128,75.65236511164613,,,
BY_STRATEGY_WHIPSAWS,10.0,A-RVol v3 (NASDAQ QQQ Moderate),2015-12-11,MODERATE,DEFENSIVE,QQQ,TLT,True,True,1,-0.0306530863954513,,0.0843747961355482,0.0306530863954513,83.0716133233897,,,
BY_STRATEGY_WHIPSAWS,11.0,A-RVol v3 (NASDAQ QQQ Moderate),2022-08-16,DEFENSIVE,MODERATE,TLT,QQQ,True,True,4,,0.0291767625756007,,0.0291767625756007,,,,
BY_STRATEGY_WHIPSAWS,12.0,A-RVol v3 (NASDAQ QQQ Moderate),2009-08-31,MODERATE,DEFENSIVE,QQQ,TLT,True,True,1,-0.0286844043553233,,0.0007641406451427,0.0286844043553233,76.61900272897262,,,
BY_STRATEGY_WHIPSAWS,13.0,A-RVol v3 (NASDAQ QQQ Moderate),2012-06-04,MODERATE,DEFENSIVE,QQQ,TLT,True,True,1,-0.0276805988197352,,0.0,0.0276805988197352,76.67832814163177,,,
BY_STRATEGY_WHIPSAWS,14.0,A-RVol v3 (NASDAQ QQQ Moderate),2009-07-10,MODERATE,DEFENSIVE,QQQ,TLT,True,True,1,-0.0235934757598074,,0.0,0.0235934757598074,77.16878290882312,,,
BY_STRATEGY_WHIPSAWS,15.0,A-RVol v3 (NASDAQ QQQ Moderate),2009-09-02,MODERATE,DEFENSIVE,QQQ,TLT,True,True,1,-0.0229970922027265,,0.0,0.0229970922027265,77.24034893567281,,,
BY_STRATEGY_WHIPSAWS,16.0,A-RVol v3 (NASDAQ QQQ Moderate),2026-07-29,MODERATE,DEFENSIVE,QQQ,TLT,True,True,4,0.0209882018955547,,0.0127097485422337,0.0209882018955547,81.0167798833787,,,
BY_STRATEGY_WHIPSAWS,17.0,A-RVol v3 (NASDAQ QQQ Moderate),2025-11-20,MODERATE,DEFENSIVE,QQQ,TLT,True,True,3,-0.02039985256268,,0.0139271136451261,0.02039985256268,78.66618678408848,,,
BY_STRATEGY_WHIPSAWS,18.0,A-RVol v3 (NASDAQ QQQ Moderate),2015-12-08,MODERATE,DEFENSIVE,QQQ,TLT,True,True,1,-0.0197117605398017,,0.075846643086976,0.0197117605398017,83.70232018218188,,,
BY_STRATEGY_WHIPSAWS,19.0,A-RVol v3 (NASDAQ QQQ Moderate),1997-03-26,DEFENSIVE,MODERATE,TLT,QQQ,True,True,2,,0.0191107841953959,,0.0191107841953959,,,,
BY_STRATEGY_WHIPSAWS,20.0,A-RVol v3 (NASDAQ QQQ Moderate),1996-07-23,MODERATE,DEFENSIVE,QQQ,TLT,True,True,3,-0.0161248745317398,,0.0203429663983566,0.0161248745317398,79.69245236805975,,,
BY_STRATEGY_WHIPSAWS,1.0,A-RVol v3 (NASDAQ),1998-08-27,MODERATE,DEFENSIVE,QLD,TLT,True,True,3,-0.2650937730382533,,0.0167912402494935,0.2650937730382533,49.53204645536909,,,
BY_STRATEGY_WHIPSAWS,2.0,A-RVol v3 (NASDAQ),1997-10-24,MODERATE,DEFENSIVE,QLD,TLT,True,True,2,-0.1575849689390488,,0.1294820996242617,0.1575849689390488,71.44837169725508,,,
BY_STRATEGY_WHIPSAWS,3.0,A-RVol v3 (NASDAQ),2015-08-21,MODERATE,DEFENSIVE,QLD,TLT,True,True,3,-0.1511614224656542,,0.0375299401040357,0.1511614224656542,64.86302451244435,,,
BY_STRATEGY_WHIPSAWS,4.0,A-RVol v3 (NASDAQ),2010-05-06,MODERATE,DEFENSIVE,QLD,TLT,True,True,2,-0.1084670585829835,,0.1492935525913922,0.1084670585829835,78.92743717735334,,,
BY_STRATEGY_WHIPSAWS,5.0,A-RVol v3 (NASDAQ),1995-10-04,MODERATE,DEFENSIVE,QLD,TLT,True,True,5,-0.1077331158311351,,0.0,0.1077331158311351,67.07202610026378,,,
BY_STRATEGY_WHIPSAWS,6.0,A-RVol v3 (NASDAQ),2009-07-06,MODERATE,DEFENSIVE,QLD,TLT,True,True,1,-0.1016739056395543,,0.0,0.1016739056395543,67.79913132325348,,,
BY_STRATEGY_WHIPSAWS,7.0,A-RVol v3 (NASDAQ),2009-07-08,MODERATE,DEFENSIVE,QLD,TLT,True,True,1,-0.0917409390058648,,0.0,0.0917409390058648,68.99108731929621,,,
BY_STRATEGY_WHIPSAWS,8.0,A-RVol v3 (NASDAQ),2021-03-04,MODERATE,DEFENSIVE,QLD,TLT,True,True,3,-0.0806690364137309,,0.005974610846309,0.0806690364137309,70.79768449805701,,,
BY_STRATEGY_WHIPSAWS,9.0,A-RVol v3 (NASDAQ),2012-05-31,MODERATE,DEFENSIVE,QLD,TLT,True,True,1,-0.0770582772848321,,0.0,0.0770582772848321,70.75300672582014,,,
BY_STRATEGY_WHIPSAWS,10.0,A-RVol v3 (NASDAQ),2015-12-11,MODERATE,DEFENSIVE,QLD,TLT,True,True,1,-0.0617313698661659,,0.167070794117205,0.0617313698661659,85.95789914543649,,,
BY_STRATEGY_WHIPSAWS,11.0,A-RVol v3 (NASDAQ),2022-08-16,DEFENSIVE,MODERATE,TLT,QLD,True,True,4,,0.0601253343911132,,0.0601253343911132,,,,
BY_STRATEGY_WHIPSAWS,12.0,A-RVol v3 (NASDAQ),2009-08-31,MODERATE,DEFENSIVE,QLD,TLT,True,True,1,-0.0575277450823308,,0.0020418300084462,0.0575277450823308,73.260016990796,,,
BY_STRATEGY_WHIPSAWS,13.0,A-RVol v3 (NASDAQ),2012-06-04,MODERATE,DEFENSIVE,QLD,TLT,True,True,1,-0.0551535405374784,,0.0,0.0551535405374784,73.38157513550259,,,
BY_STRATEGY_WHIPSAWS,14.0,A-RVol v3 (NASDAQ),2009-07-10,MODERATE,DEFENSIVE,QLD,TLT,True,True,1,-0.048615466184594,,0.0,0.048615466184594,74.16614405784873,,,
BY_STRATEGY_WHIPSAWS,15.0,A-RVol v3 (NASDAQ),2009-09-02,MODERATE,DEFENSIVE,QLD,TLT,True,True,1,-0.0466206546007772,,0.0,0.0466206546007772,74.40552144790672,,,
BY_STRATEGY_WHIPSAWS,16.0,A-RVol v3 (NASDAQ),2025-11-20,MODERATE,DEFENSIVE,QLD,TLT,True,True,3,-0.044338973311065,,0.0320818598798673,0.044338973311065,77.24587199306157,,,
BY_STRATEGY_WHIPSAWS,17.0,A-RVol v3 (NASDAQ),2015-12-08,MODERATE,DEFENSIVE,QLD,TLT,True,True,1,-0.0402701997361112,,0.1506254765434991,0.0402701997361112,87.21761415514658,,,
BY_STRATEGY_WHIPSAWS,18.0,A-RVol v3 (NASDAQ),1997-03-26,DEFENSIVE,MODERATE,TLT,QLD,True,True,2,,0.0392516056577592,,0.0392516056577592,,,,
BY_STRATEGY_WHIPSAWS,19.0,A-RVol v3 (NASDAQ),1996-07-23,MODERATE,DEFENSIVE,QLD,TLT,True,True,3,-0.0368328467822466,,0.0409363296306618,0.0368328467822466,78.85496475658334,,,
BY_STRATEGY_WHIPSAWS,20.0,A-RVol v3 (NASDAQ),2026-07-29,MODERATE,DEFENSIVE,QLD,TLT,True,True,4,0.0361985386762873,,0.0252001065776626,0.0361985386762873,82.01600852621301,,,
BY_STRATEGY_WHIPSAWS,1.0,A-RVol v3 (S&P 500),2009-07-06,MODERATE,DEFENSIVE,SSO,TLT,True,True,1,-0.0992078714727415,,0.0029314335027109,0.0992078714727415,68.3295701034879,,,
BY_STRATEGY_WHIPSAWS,2.0,A-RVol v3 (S&P 500),2010-05-06,MODERATE,DEFENSIVE,SSO,TLT,True,True,2,-0.0888936995714109,,0.1819950848508447,0.0888936995714109,83.89236283949826,,,
BY_STRATEGY_WHIPSAWS,3.0,A-RVol v3 (S&P 500),2009-08-31,MODERATE,DEFENSIVE,SSO,TLT,True,True,1,-0.0628817644976494,,0.0074918004231468,0.0628817644976494,73.05353229413382,,,
BY_STRATEGY_WHIPSAWS,4.0,A-RVol v3 (S&P 500),2022-12-05,MODERATE,DEFENSIVE,SSO,TLT,True,True,3,-0.05669687000958,,0.0921087086566977,0.05669687000958,80.56507229138623,,,
BY_STRATEGY_WHIPSAWS,5.0,A-RVol v3 (S&P 500),2009-09-02,MODERATE,DEFENSIVE,SSO,TLT,True,True,1,-0.0549451488069993,,0.0,0.0549451488069993,73.40658214316008,,,
BY_STRATEGY_WHIPSAWS,6.0,A-RVol v3 (S&P 500),2009-07-08,MODERATE,DEFENSIVE,SSO,TLT,True,True,4,-0.0460205234098471,,0.0,0.0460205234098471,74.47753719081834,,,
BY_STRATEGY_WHIPSAWS,7.0,A-RVol v3 (S&P 500),2020-07-06,MODERATE,DEFENSIVE,SSO,TLT,True,True,1,-0.0209157257591332,,0.0,0.0209157257591332,77.49011290890401,,,
BY_STRATEGY_WHIPSAWS,8.0,A-RVol v3 (S&P 500),2026-07-10,DEFENSIVE,MODERATE,TLT,SSO,True,True,3,,0.015516522538973,,0.015516522538973,,,,
BY_STRATEGY_WHIPSAWS,9.0,A-RVol v3 (S&P 500),2026-04-20,DEFENSIVE,MODERATE,TLT,SSO,True,True,2,,0.0130405636243473,,0.0130405636243473,,,,
BY_STRATEGY_WHIPSAWS,10.0,A-RVol v3 (S&P 500),2009-09-04,MODERATE,DEFENSIVE,SSO,TLT,True,True,1,-0.0112944955437258,,0.0,0.0112944955437258,78.64466053475289,,,
BY_STRATEGY_WHIPSAWS,11.0,A-RVol v3 (S&P 500),2009-07-07,DEFENSIVE,MODERATE,TLT,SSO,True,True,1,,0.0,,0.0,,,,
BY_STRATEGY_WHIPSAWS,12.0,A-RVol v3 (S&P 500),2009-09-01,DEFENSIVE,MODERATE,TLT,SSO,True,True,1,,0.0,,0.0,,,,
BY_STRATEGY_WHIPSAWS,13.0,A-RVol v3 (S&P 500),2009-09-03,DEFENSIVE,MODERATE,TLT,SSO,True,True,1,,0.0,,0.0,,,,
BY_STRATEGY_WHIPSAWS,14.0,A-RVol v3 (S&P 500),2010-02-01,AGGRESSIVE,MODERATE,UPRO,SSO,True,True,3,,,,0.0,,,,
BY_STRATEGY_WHIPSAWS,15.0,A-RVol v3 (S&P 500),2010-05-04,AGGRESSIVE,MODERATE,UPRO,SSO,True,True,2,,,,0.0,,,,
BY_STRATEGY_WHIPSAWS,16.0,A-RVol v3 (S&P 500),2010-05-10,DEFENSIVE,MODERATE,TLT,SSO,True,True,1,,0.0,,0.0,,,,
BY_STRATEGY_WHIPSAWS,17.0,A-RVol v3 (S&P 500),2011-07-27,AGGRESSIVE,MODERATE,UPRO,SSO,True,True,4,,,,0.0,,,,
BY_STRATEGY_WHIPSAWS,18.0,A-RVol v3 (S&P 500),2013-06-17,AGGRESSIVE,MODERATE,UPRO,SSO,True,True,3,,,,0.0,,,,
BY_STRATEGY_WHIPSAWS,19.0,A-RVol v3 (S&P 500),2013-07-12,DEFENSIVE,MODERATE,TLT,SSO,True,True,1,,0.0,,0.0,,,,
BY_STRATEGY_WHIPSAWS,20.0,A-RVol v3 (S&P 500),2014-01-30,AGGRESSIVE,MODERATE,UPRO,SSO,True,True,2,,,,0.0,,,,
BY_STRATEGY_WHIPSAWS,1.0,A-RVol v3 (Semiconductors),2024-04-19,MODERATE,DEFENSIVE,USD,TLT,True,True,4,-0.1509949865800826,,0.0360456436448648,0.1509949865800826,64.76425310197928,,,
BY_STRATEGY_WHIPSAWS,2.0,A-RVol v3 (Semiconductors),2018-10-10,MODERATE,DEFENSIVE,USD,TLT,True,True,4,-0.1446599029026632,,0.2141402181263232,0.1446599029026632,79.77202910178627,,,
BY_STRATEGY_WHIPSAWS,3.0,A-RVol v3 (Semiconductors),2012-05-31,MODERATE,DEFENSIVE,USD,TLT,True,True,1,-0.1065822243591637,,0.0031904966569386,0.1065822243591637,67.46537280945543,,,
BY_STRATEGY_WHIPSAWS,4.0,A-RVol v3 (Semiconductors),2011-03-15,MODERATE,DEFENSIVE,USD,TLT,True,True,4,-0.0960517022129696,,0.0295176808753779,0.0960517022129696,70.83521020447388,,,
BY_STRATEGY_WHIPSAWS,5.0,A-RVol v3 (Semiconductors),2021-05-12,MODERATE,DEFENSIVE,USD,TLT,True,True,2,-0.0912068466244697,,0.0292949208530453,0.0912068466244697,71.39877207330726,,,
BY_STRATEGY_WHIPSAWS,6.0,A-RVol v3 (Semiconductors),2015-12-11,MODERATE,DEFENSIVE,USD,TLT,True,True,1,-0.0717079792073778,,0.1952644542137621,0.0717079792073778,87.01619883221564,,,
BY_STRATEGY_WHIPSAWS,7.0,A-RVol v3 (Semiconductors),2015-07-24,MODERATE,DEFENSIVE,USD,TLT,True,True,4,-0.0609845357744477,,0.246478680154096,0.0609845357744477,92.40015011939394,,,
BY_STRATEGY_WHIPSAWS,8.0,A-RVol v3 (Semiconductors),2023-10-25,MODERATE,DEFENSIVE,USD,TLT,True,True,5,-0.0499203516674816,,0.0,0.0499203516674816,74.0095577999022,,,
BY_STRATEGY_WHIPSAWS,9.0,A-RVol v3 (Semiconductors),2015-12-08,MODERATE,DEFENSIVE,USD,TLT,True,True,1,-0.041503997854884,,0.1959660716828216,0.041503997854884,90.69680599203966,,,
BY_STRATEGY_WHIPSAWS,10.0,A-RVol v3 (Semiconductors),2021-05-14,DEFENSIVE,MODERATE,TLT,USD,True,True,4,,0.0301790126397498,,0.0301790126397498,,,,
BY_STRATEGY_WHIPSAWS,11.0,A-RVol v3 (Semiconductors),2012-11-15,MODERATE,DEFENSIVE,USD,TLT,True,True,5,-0.0294439763564066,,0.0,0.0294439763564066,76.4667228372312,,,
BY_STRATEGY_WHIPSAWS,12.0,A-RVol v3 (Semiconductors),2017-07-19,DEFENSIVE,MODERATE,TLT,USD,True,True,4,,0.0247351355232066,,0.0247351355232066,,,,
BY_STRATEGY_WHIPSAWS,13.0,A-RVol v3 (Semiconductors),2020-07-06,MODERATE,DEFENSIVE,USD,TLT,True,True,1,-0.0246383685885007,,0.0182529453261498,0.0246383685885007,78.5036313954719,,,
BY_STRATEGY_WHIPSAWS,14.0,A-RVol v3 (Semiconductors),2017-12-20,DEFENSIVE,MODERATE,TLT,USD,True,True,3,,0.0242565849011087,,0.0242565849011087,,,,
BY_STRATEGY_WHIPSAWS,15.0,A-RVol v3 (Semiconductors),2018-07-03,MODERATE,DEFENSIVE,USD,TLT,True,True,4,0.0214284601079137,,0.0697182709304515,0.0214284601079137,85.57746167443612,,,
BY_STRATEGY_WHIPSAWS,16.0,A-RVol v3 (Semiconductors),2012-06-04,MODERATE,DEFENSIVE,USD,TLT,True,True,2,-0.0153889420945495,,0.0469021085143831,0.0153889420945495,81.9054956298047,,,
BY_STRATEGY_WHIPSAWS,17.0,A-RVol v3 (Semiconductors),2018-10-16,DEFENSIVE,MODERATE,TLT,USD,True,True,2,,0.0100177818024074,,0.0100177818024074,,,,
BY_STRATEGY_WHIPSAWS,18.0,A-RVol v3 (Semiconductors),2024-11-27,MODERATE,DEFENSIVE,USD,TLT,True,True,4,0.0088403740814386,,0.1076384348688582,0.0088403740814386,88.61107478950866,,,
BY_STRATEGY_WHIPSAWS,19.0,A-RVol v3 (Semiconductors),2011-02-18,MODERATE,AGGRESSIVE,USD,SOXL,True,True,1,,,,0.0,,,,
BY_STRATEGY_WHIPSAWS,20.0,A-RVol v3 (Semiconductors),2011-06-01,AGGRESSIVE,MODERATE,SOXL,USD,True,True,5,,,,0.0,,,,
