Date,From State,To State,Duration Days,Return 1D,Return 3D,Return 5D,Return 10D,Return 20D,Entry vs 10D Low,Exit vs Previous 10D High,Timing Score,Timing Class,Whipsaw
1993-02-16,AGGRESSIVE,MODERATE,1,,,,,,,-0.12794874643195076,,N/A,True
1993-02-17,MODERATE,DEFENSIVE,6,0.0,0.0,0.0,,,0.0,-0.12794874643195076,74.41025071360986,GOOD,False
1993-02-25,DEFENSIVE,MODERATE,3,-0.003163539133675619,,,,,0.015184821303071194,-0.05030272240837208,96.96303573938576,EXCELLENT,True
1993-03-02,MODERATE,DEFENSIVE,200,0.0,0.0,0.0,0.0,0.0,0.0,-0.014957691431576214,97.00846171368475,EXCELLENT,False
1993-12-14,DEFENSIVE,MODERATE,6,0.01087479643489031,0.03203918354840485,0.028879713724693,,,0.0,0.0,100.0,EXCELLENT,False
1993-12-22,MODERATE,AGGRESSIVE,70,0.014460375364075073,0.048416326421050204,0.07158711949748353,0.12233543036949324,0.17879260107095996,0.0,-0.006387320277110309,100.0,EXCELLENT,False
1994-04-04,AGGRESSIVE,MODERATE,1,,,,,,,-0.23478102345233476,,N/A,True
1994-04-05,MODERATE,DEFENSIVE,29,0.0,0.0,0.0,0.0,0.0,0.0,-0.208755901641817,58.248819671636596,FAIR,False
1994-05-17,DEFENSIVE,MODERATE,27,0.04465510374002535,0.05420667455730466,0.09141201395492726,0.10300824542923959,0.09095275832589333,0.0,0.0,100.0,EXCELLENT,False
1994-06-24,MODERATE,DEFENSIVE,14,0.0,0.0,0.0,0.0,,0.0,-0.1270043800508186,74.59912398983629,GOOD,False
1994-07-15,DEFENSIVE,MODERATE,28,0.004894281486905738,-0.04249545999173299,-0.01339014735867039,0.012665489869661206,0.04746949483646512,0.0443814710177417,0.0,91.12370579645166,EXCELLENT,False
1994-08-24,MODERATE,AGGRESSIVE,15,0.023100905178200515,0.07636909906403289,0.07049027706708211,0.08966336531490837,,0.0,-0.0019412957371591766,100.0,EXCELLENT,False
1994-09-15,AGGRESSIVE,MODERATE,31,-0.01316830115736456,-0.050773092911463924,-0.06701934182510161,-0.07927378129446239,-0.042108186598277864,0.1366643154699514,-0.025143117633395495,72.66713690600972,GOOD,False
1994-10-28,MODERATE,AGGRESSIVE,17,0.008349754679605859,-0.02278048142592215,-0.07689039763108252,-0.05705143920364908,,0.09417836653676348,0.0,81.16432669264731,EXCELLENT,False
1994-11-22,AGGRESSIVE,MODERATE,35,-0.004092678941214789,0.028789875877885507,0.03302636464611841,-0.014698167798170902,-0.008349293782619394,0.06615322222878794,-0.026599501536153425,86.76935555424241,EXCELLENT,False
1995-01-13,MODERATE,AGGRESSIVE,94,0.022647237998136838,0.06342415682226243,-0.006683243392689775,-0.030791147265500696,0.13800273413558495,0.07602507793117996,-0.0017744450529936229,84.79498441376401,EXCELLENT,False
1995-05-30,AGGRESSIVE,MODERATE,15,0.024676776891766172,0.04320183790487686,0.052649500130303784,0.09470823809166617,,0.0,-0.043624869601878835,100.0,EXCELLENT,False
1995-06-20,MODERATE,AGGRESSIVE,5,-0.022970877956464797,0.02565049356505833,,,,0.023510945004811434,0.0,95.29781099903771,EXCELLENT,True
1995-06-27,AGGRESSIVE,MODERATE,9,0.010353902047997243,0.03792799466885466,0.05801814694098373,,,0.0,-0.05343588051963133,100.0,EXCELLENT,False
1995-07-11,MODERATE,DEFENSIVE,54,0.0,0.0,0.0,0.0,0.0,0.0,0.0,100.0,EXCELLENT,False
1995-09-26,DEFENSIVE,MODERATE,6,-0.015953941676996264,0.012555496944078648,-0.029246508903632118,,,0.03012763711063382,0.0,93.97447257787323,EXCELLENT,False
1995-10-04,MODERATE,DEFENSIVE,5,0.0,0.0,,,,0.0,-0.07493016967835608,85.01396606432878,EXCELLENT,True
1995-10-11,DEFENSIVE,MODERATE,1,,,,,,,-0.07493016967835608,,N/A,True
1995-10-12,MODERATE,DEFENSIVE,79,0.0,0.0,0.0,0.0,0.0,0.0,-0.07493016967835608,85.01396606432878,EXCELLENT,False
1996-02-05,DEFENSIVE,MODERATE,47,0.011855874317415305,0.02616468686882767,0.03051653547128219,0.0013554383939065051,-0.007178653677515134,0.05511910207487536,0.0,88.97617958502492,EXCELLENT,False
1996-04-12,MODERATE,AGGRESSIVE,14,0.029397707721275257,0.07574974384648958,0.1385087854583804,0.32352184546080176,,0.0,-0.047826070750815575,100.0,EXCELLENT,False
1996-05-02,AGGRESSIVE,MODERATE,15,0.012950018062145796,0.011631357984395407,0.016343799619794597,0.11662388785367184,,0.0,0.0,100.0,EXCELLENT,False
1996-05-23,MODERATE,AGGRESSIVE,26,-0.014283773041902426,-0.06560088346447801,-0.0025333575119896867,-0.010575937579861638,-0.09692828308279366,0.14716102718712976,-0.021823017379767884,70.56779456257405,GOOD,False
1996-07-01,AGGRESSIVE,MODERATE,3,-0.020452424052289087,,,,,0.040524908451409436,-0.013449090661382557,91.89501830971811,EXCELLENT,True
1996-07-05,MODERATE,DEFENSIVE,8,0.0,0.0,0.0,,,0.0,-0.042384240965432474,91.5231518069135,EXCELLENT,False
1996-07-17,DEFENSIVE,MODERATE,4,0.039144875224288,-0.024531673645139973,,,,0.025148611166915247,-0.0188803253795663,94.97027776661695,EXCELLENT,True
1996-07-23,MODERATE,DEFENSIVE,3,0.0,,,,,0.0,-0.06127783563931266,87.74443287213747,EXCELLENT,True
1996-07-26,DEFENSIVE,MODERATE,1,,,,,,,-0.06127783563931266,,N/A,True
1996-07-29,MODERATE,DEFENSIVE,11,0.0,0.0,0.0,0.0,,0.0,-0.06127783563931266,87.74443287213747,EXCELLENT,False
1996-08-13,DEFENSIVE,MODERATE,143,0.02387039033809879,0.008536468043421452,-0.020151424285750452,0.026265957558082587,0.010174589965842085,0.058735483648651554,0.0,88.25290327026968,EXCELLENT,False
1997-03-07,MODERATE,DEFENSIVE,13,0.0,0.0,0.0,0.0,,0.0,-0.07187937211987039,85.62412557602592,EXCELLENT,False
1997-03-26,DEFENSIVE,MODERATE,2,-0.0377691075424571,,,,,0.0392516056577592,0.0,92.14967886844816,EXCELLENT,True
1997-03-31,MODERATE,DEFENSIVE,4,0.0,0.0,,,,0.0,-0.0377691075424571,92.44617849150858,EXCELLENT,True
1997-04-04,DEFENSIVE,MODERATE,5,0.023831477730557493,0.014196864146825083,,,,0.024090019505665694,-0.0377691075424571,95.18199609886686,EXCELLENT,True
1997-04-11,MODERATE,DEFENSIVE,30,0.0,0.0,0.0,0.0,0.0,0.0,-0.06410081380992505,87.17983723801498,EXCELLENT,False
1997-05-23,DEFENSIVE,MODERATE,107,0.052968215018426745,0.022350388350098616,-0.003173180748951898,-0.014131628998434342,0.011349391822689903,0.08645933053338672,0.0,82.70813389332265,EXCELLENT,False
1997-10-24,MODERATE,DEFENSIVE,2,0.0,,,,,0.0,-0.1160462905169356,76.79074189661289,GOOD,True
1997-10-28,DEFENSIVE,MODERATE,1,,,,,,,-0.10154430143975268,,N/A,True
1997-10-29,MODERATE,DEFENSIVE,46,0.0,0.0,0.0,0.0,0.0,0.0,-0.08121263515224708,83.75747296955058,EXCELLENT,False
1998-01-06,DEFENSIVE,MODERATE,58,-0.030281022769490407,-0.09952370772954477,-0.026153568726708265,0.03446679630994942,0.23523879530688618,0.11052340698343799,0.0,77.8953186033124,GOOD,False
1998-03-31,MODERATE,AGGRESSIVE,5,0.018493897764571665,0.030491587338548287,,,,0.042685444424520824,-0.019060283211323248,91.46291111509584,EXCELLENT,True
1998-04-07,AGGRESSIVE,MODERATE,99,0.01483658683173239,0.03461164406317274,0.08312409956990252,0.18789918328114164,0.09525692700919941,0.0,-0.06931602006301607,100.0,EXCELLENT,False
1998-08-27,MODERATE,DEFENSIVE,3,0.0,,,,,0.0,-0.040578722252035404,91.88425554959292,EXCELLENT,True
1998-09-01,DEFENSIVE,MODERATE,1,,,,,,,-0.040578722252035404,,N/A,True
1998-09-02,MODERATE,DEFENSIVE,48,0.0,0.0,0.0,0.0,0.0,0.0,-0.03621206058750415,92.75758788249917,EXCELLENT,False
1998-11-10,DEFENSIVE,MODERATE,17,0.0041226800528813,-0.017375945156442252,0.027013733869649226,0.14024824084917542,,0.017683207601923323,0.0,96.46335847961534,EXCELLENT,False
1998-12-04,MODERATE,DEFENSIVE,21,0.0,0.0,0.0,0.0,0.0,0.0,-0.0719835648436723,85.60328703126554,EXCELLENT,False
1999-01-06,DEFENSIVE,MODERATE,13,0.0022186821719243355,0.036313624467172456,-0.01785058499669201,-0.009771268604083283,,0.06498294410314087,0.0,87.00341117937182,EXCELLENT,False
1999-01-26,MODERATE,DEFENSIVE,113,0.0,0.0,0.0,0.0,0.0,0.0,-0.038097649495634545,92.3804701008731,EXCELLENT,False
1999-07-08,DEFENSIVE,MODERATE,70,0.015279293578174702,-0.001632139784172093,0.044814867372868106,-0.0825393880151889,-0.1275884034121324,0.1749729677335048,0.0,65.00540645329905,GOOD,False
1999-10-15,MODERATE,DEFENSIVE,15,0.0,0.0,0.0,0.0,,0.0,-0.08389608688470662,83.22078262305868,EXCELLENT,False
1999-11-05,DEFENSIVE,MODERATE,40,0.021925160948684352,0.029495058907506255,0.09665043195031853,0.20190891456846138,0.324149119587372,0.0,0.0,100.0,EXCELLENT,False
2000-01-04,MODERATE,DEFENSIVE,162,0.0,0.0,0.0,0.0,0.0,0.0,0.0,100.0,EXCELLENT,False
2000-08-24,DEFENSIVE,MODERATE,17,-0.00959432968932894,0.00019174608594751952,0.06337417535413281,-0.07566855283232876,,0.22892757568976596,0.0,54.21448486204681,FAIR,False
2000-09-19,MODERATE,DEFENSIVE,647,-0.019830363093539805,-0.03352264498494184,-0.025496099408178985,0.009914666760624469,-0.011803817516776949,0.050595684496338666,-0.19844007791924756,60.31198441615049,GOOD,False
2003-04-22,DEFENSIVE,MODERATE,89,0.018922634737076782,-0.03554658142770206,0.024443933023841513,0.09012798901103869,0.01193335073587054,0.03685671152508574,-0.0004482332739933481,92.62865769498285,EXCELLENT,False
2003-08-27,MODERATE,AGGRESSIVE,13,0.030314235398214873,0.09728910802729951,0.1263098276054324,0.06607061121404012,,0.0,-0.008857919818660909,100.0,EXCELLENT,False
2003-09-16,AGGRESSIVE,MODERATE,78,-0.008801800880192001,0.013075185676501677,0.006294742321465208,-0.11513851870625147,0.0479771156125135,0.1301203873604131,-0.0861370038922481,73.97592252791738,GOOD,False
2004-01-07,MODERATE,AGGRESSIVE,24,0.0323101832017727,0.049897068923694166,0.0375359464980638,0.02826970398031614,-0.10360358941988279,0.12093168831517564,0.0,75.81366233696487,GOOD,False
2004-02-11,AGGRESSIVE,MODERATE,12,-0.017057423656868687,-0.010730024791036574,-0.039528886132655594,-0.0500931083273104,,0.07429986485435691,0.0,85.14002702912862,EXCELLENT,False
2004-03-01,MODERATE,AGGRESSIVE,10,-0.03293831375990164,-0.01752365015683721,-0.09717900075056918,,,0.2042509191261317,-0.04972673398837313,59.14981617477366,FAIR,False
2004-03-15,AGGRESSIVE,MODERATE,4,0.010187638856172576,0.025110609728968836,,,,0.0,-0.11786901891620594,100.0,EXCELLENT,True
2004-03-19,MODERATE,DEFENSIVE,4,-0.009562343309788335,-0.03722688709294952,,,,0.03866631358300454,-0.06356109346361627,87.28778130727675,EXCELLENT,True
2004-03-25,DEFENSIVE,MODERATE,45,-0.014784542732336758,0.0266668721173835,0.037686871088507656,0.08278320890720203,0.09625347321674771,0.015006405576846404,-0.052305881388190256,96.99871888463072,EXCELLENT,False
2004-05-28,MODERATE,AGGRESSIVE,16,0.004578417541736046,-0.043393322106424215,0.049072756441740584,0.020026132259839846,,0.04536171773541797,0.0,90.92765645291641,EXCELLENT,False
2004-06-23,AGGRESSIVE,MODERATE,19,-0.007076009600079813,-0.0009686759363662922,0.030490123896177446,-0.0840586667437978,,0.1549997655174422,-0.046658692641968647,69.00004689651156,GOOD,False
2004-07-21,MODERATE,DEFENSIVE,20,0.0031385455574735044,-0.009416302676782284,0.007532842340117529,0.005649715005633826,,0.041176812543562535,-0.04465320574760856,91.0693588504783,EXCELLENT,False
2004-08-18,DEFENSIVE,MODERATE,61,-0.015495809987457143,0.010026184590939957,0.036683427574230265,0.01910918678870721,0.07648600530969496,0.015739709535679935,-0.04494413151302312,96.85205809286401,EXCELLENT,False
2004-11-12,MODERATE,AGGRESSIVE,57,0.004663637854057212,0.02307837554023684,-0.015236088133031789,0.03752383222439626,0.11337732536233958,0.01997879344351361,0.0,96.00424131129728,EXCELLENT,False
2005-02-04,AGGRESSIVE,MODERATE,26,-0.007248176934842809,-0.036513515643984085,-0.006511626270726767,-0.027096305218514583,0.008931416802412606,0.05779641365240318,-0.03343286216827135,88.44071726951937,EXCELLENT,False
2005-03-15,MODERATE,AGGRESSIVE,26,-0.03190854762604933,-0.03606507450221896,-0.07425730434677902,-0.025431371629879962,-0.08833644615543634,0.09689588421398887,-0.039673146351351773,80.62082315720222,EXCELLENT,False
2005-04-21,AGGRESSIVE,MODERATE,20,-0.03631484148426212,-0.03795302636453746,-0.053403845150871265,0.0010645500582802114,,0.05641671464362008,-0.18033295046233266,88.71665707127599,EXCELLENT,False
2005-05-19,MODERATE,AGGRESSIVE,109,0.012746579899969745,0.0368506130548214,0.05266520564491395,0.040833597910667985,0.026399740434071894,0.00845699603161476,0.0,98.30860079367704,EXCELLENT,False
2005-10-24,AGGRESSIVE,MODERATE,18,-0.006278861143721004,-0.059595588052285264,-0.016139066812944747,0.04573966172380928,,0.06337229738092587,-0.009674185436779559,87.32554052381482,EXCELLENT,False
2005-11-17,MODERATE,AGGRESSIVE,33,0.005787696859153035,0.03073938170343493,0.04253758532298346,0.05376749124688396,0.018864275291240906,0.010682644238736438,-0.0029980639731250758,97.86347115225271,EXCELLENT,False
2006-01-06,AGGRESSIVE,MODERATE,9,0.0077396433458920555,0.0262062698361063,0.012372081133680712,,,0.023442081910869605,0.0,95.31158361782607,EXCELLENT,False
2006-01-20,MODERATE,DEFENSIVE,15,0.010326081285254363,0.017028960393422388,0.007789860493343959,0.023550710490811033,,0.01098905321586674,-0.03331875053219169,93.33624989356166,EXCELLENT,False
2006-02-10,DEFENSIVE,MODERATE,30,-0.02177878844960779,0.01036261856093712,0.012224567481171844,0.03540268362009269,-0.018106808840565147,0.02874152608490288,-0.014040000763207106,94.25169478301942,EXCELLENT,False
2006-03-27,MODERATE,AGGRESSIVE,44,-0.014029538814212872,0.04837382094342102,0.04383322237873899,0.06297317978421368,0.02402634248952884,0.014229167471548898,-0.017730521909745,97.15416650569023,EXCELLENT,False
2006-05-30,AGGRESSIVE,MODERATE,2,0.01029620645906193,,,,,0.0,-0.05773938075091245,100.0,EXCELLENT,True
2006-06-01,MODERATE,DEFENSIVE,51,0.0,0.0,0.0,0.0,0.0,0.0,0.0,100.0,EXCELLENT,False
2006-08-14,DEFENSIVE,MODERATE,22,0.052115795122394726,0.10920986754810569,0.08743031338967877,0.09987593847153686,0.16039223567091,0.0,0.0,100.0,EXCELLENT,False
2006-09-14,MODERATE,AGGRESSIVE,112,0.01314636518128176,-0.00902253886075255,0.014713496214775912,0.06138019787298643,0.16462481575997323,0.009154300028046736,0.0,98.16913999439065,EXCELLENT,False
2007-02-27,AGGRESSIVE,MODERATE,1,,,,,,,-0.026478719147215002,,N/A,True
2007-02-28,MODERATE,DEFENSIVE,14,-0.009927852418505467,-0.0533995618606955,-0.03279182002250025,-0.03820704876603609,,0.056411934443703515,-0.026478719147215002,94.704256170557,EXCELLENT,False
2007-03-20,DEFENSIVE,MODERATE,10,0.03703702574500567,0.021851883811312645,0.018789162511533508,,,0.003821223660705586,0.0,99.23575526785888,EXCELLENT,False
2007-04-03,MODERATE,AGGRESSIVE,82,0.008569001866818748,0.01828109105868614,-0.00010778493747087836,0.05506381327020793,0.14983913949337357,0.00010779655631609764,-0.03938499998132483,99.97844068873678,EXCELLENT,False
2007-07-31,AGGRESSIVE,MODERATE,1,,,,,,,-0.1167176208172771,,N/A,True
2007-08-01,MODERATE,DEFENSIVE,39,-0.0006067179636309872,0.008948829594413121,0.01274073007739207,0.0030334740985356046,0.0021234550128987895,0.019325912091870512,-0.1167176208172771,76.65647583654459,GOOD,False
2007-09-26,DEFENSIVE,MODERATE,2,0.013135808127017201,,,,,0.0,-0.00536302782043141,100.0,EXCELLENT,True
2007-09-28,MODERATE,AGGRESSIVE,15,0.03664939480861906,0.015194797185638986,0.08195296017795095,0.12056801711176268,,0.0,0.0,100.0,EXCELLENT,False
2007-10-19,AGGRESSIVE,MODERATE,2,0.021097575166566074,,,,,0.0,0.0,100.0,EXCELLENT,True
2007-10-23,MODERATE,DEFENSIVE,132,0.003854755725011927,0.032699707227195285,0.028180181079203726,0.08241388636958957,0.05636046357265956,0.0,0.0,100.0,EXCELLENT,False
2008-05-02,DEFENSIVE,MODERATE,24,-0.012895918056205269,-0.030512232838400544,-0.029821315844364205,0.04317808507063181,0.018653139974572408,0.03368204796820917,-0.07316270891486543,93.26359040635816,EXCELLENT,False
2008-06-06,MODERATE,DEFENSIVE,250,0.029411439313734355,0.010230130665809245,0.00674235608035656,-0.0005063240287044302,-0.03524126657744364,0.036528580003025723,0.0,100.0,EXCELLENT,False
2009-06-04,DEFENSIVE,MODERATE,21,0.00256672116837664,0.011552851272422782,0.00256672116837664,-0.053401692364654973,-0.06238842385626253,0.10121684364713235,-0.04105993641115313,79.75663127057354,GOOD,False
2009-07-06,MODERATE,DEFENSIVE,1,,,,,,,-0.045479507855404555,90.90409842891908,EXCELLENT,True
2009-07-07,DEFENSIVE,MODERATE,1,,,,,,,-0.045479507855404555,,N/A,True
2009-07-08,MODERATE,DEFENSIVE,1,,,,,,,-0.045479507855404555,90.90409842891908,EXCELLENT,True
2009-07-09,DEFENSIVE,MODERATE,1,,,,,,,-0.045479507855404555,,N/A,True
2009-07-10,MODERATE,DEFENSIVE,1,,,,,,,-0.045479507855404555,90.90409842891908,EXCELLENT,True
2009-07-13,DEFENSIVE,MODERATE,17,0.007143260874809432,0.09999986057159549,0.13351737224295612,0.22115343467404802,,0.0,-0.045479507855404555,100.0,EXCELLENT,False
2009-08-05,MODERATE,AGGRESSIVE,8,-0.02639277965744702,-0.008474918062971848,0.007336277876062169,,,0.039120241680105305,-0.000652113176039637,92.17595166397894,EXCELLENT,False
2009-08-17,AGGRESSIVE,MODERATE,10,0.028099344817669403,0.06776855801447512,0.09256162037081239,,,0.0,-0.03154155070666986,100.0,EXCELLENT,False
2009-08-31,MODERATE,DEFENSIVE,1,,,,,,,0.0,100.0,EXCELLENT,True
2009-09-01,DEFENSIVE,MODERATE,1,,,,,,,0.0,,N/A,True
2009-09-02,MODERATE,DEFENSIVE,1,,,,,,,0.0,100.0,EXCELLENT,True
2009-09-03,DEFENSIVE,MODERATE,1,,,,,,,0.0,,N/A,True
2009-09-04,MODERATE,DEFENSIVE,1,,,,,,,0.0,100.0,EXCELLENT,True
2009-09-08,DEFENSIVE,MODERATE,10,0.01667057698976282,0.037349124445642534,0.05254237399834949,,,0.0,0.0,100.0,EXCELLENT,False
2009-09-22,MODERATE,AGGRESSIVE,10,-0.01708811800729726,-0.06833281748063458,-0.03011561398417062,,,0.1409935895927361,0.0,71.80128208145278,GOOD,False
2009-10-06,AGGRESSIVE,MODERATE,12,0.005783519815343086,0.025328389296675136,0.03011496263007607,0.061428145300542525,,0.0,-0.10285899761438311,100.0,EXCELLENT,False
2009-10-22,MODERATE,AGGRESSIVE,6,-0.016293426178052406,-0.06860891572243855,-0.08921307262106237,,,0.1550451899068901,-0.003946919018923967,68.99096201862199,GOOD,False
2009-10-30,AGGRESSIVE,MODERATE,26,0.007965891590004714,0.018238338848129088,0.08071275205661177,0.15324869796866247,0.1262049015658806,0.0,-0.09280787486692166,100.0,EXCELLENT,False
2009-12-08,MODERATE,AGGRESSIVE,30,0.028621597313729152,0.03235680270584895,0.042432653478438276,0.11881293519725245,0.1851848937886198,0.0,-0.01283705936123325,100.0,EXCELLENT,False
2010-01-22,AGGRESSIVE,MODERATE,5,0.005795907544066559,0.023003456047879567,,,,0.02888484034373473,-0.07045593413721696,94.22303193125305,EXCELLENT,True
2010-01-29,MODERATE,DEFENSIVE,11,0.0,0.0,0.0,0.0,,0.0,-0.09655188859402708,80.68962228119459,EXCELLENT,False
2010-02-16,DEFENSIVE,MODERATE,8,0.010652691574155826,0.022390863187676358,-0.007764869148803255,,,0.007825634174172036,0.0,98.4348731651656,EXCELLENT,False
2010-02-26,MODERATE,AGGRESSIVE,46,0.04289411262760656,0.05499148922987396,0.11378498221008848,0.18087020750179095,0.2328384986745229,0.0,-0.009525052389961597,100.0,EXCELLENT,False
2010-05-04,AGGRESSIVE,MODERATE,2,-0.009726497549683799,,,,,0.009822031515148932,-0.038961829179354424,98.03559369697021,EXCELLENT,True
2010-05-06,MODERATE,DEFENSIVE,2,-0.012500557254365718,,,,,0.012658799299784196,-0.048309364592994064,90.33812708140118,EXCELLENT,True
2010-05-10,DEFENSIVE,MODERATE,1,,,,,,,-0.053168665331619125,,N/A,True
2010-05-11,MODERATE,DEFENSIVE,54,0.006132917630615964,-0.0024034552190088654,-0.009696716085110246,-0.027349601786843647,-0.0008288256297062091,0.04721404603169499,-0.04214626159344592,91.57074768131082,EXCELLENT,False
2010-07-28,DEFENSIVE,MODERATE,17,-0.015034938984776813,0.02614138917689668,0.038783963398629995,-0.02955714738267934,,0.06302111757978657,-0.040490285646329616,87.39577648404268,EXCELLENT,False
2010-08-20,MODERATE,DEFENSIVE,16,0.00018825774025876818,0.012919915225792611,-0.006506251435622334,-0.02029222076547954,,0.03328274228789341,-0.09331990324056683,81.33601935188663,EXCELLENT,False
2010-09-14,DEFENSIVE,MODERATE,8,0.012789626321463299,0.027197611861917936,0.06054746628441299,,,0.0,-0.0500559357711039,100.0,EXCELLENT,False
2010-09-24,MODERATE,AGGRESSIVE,47,-0.011447610543939168,-0.016946565388169743,-0.0332724154237124,0.006564884731059095,0.12261344772419958,0.07159418564388598,-0.0063973715801642905,85.68116287122281,EXCELLENT,False
2010-12-01,AGGRESSIVE,MODERATE,11,0.02106267297229447,0.024809491092600888,0.034887873917507806,0.03669746893002568,,0.0,-0.05737513386128745,100.0,EXCELLENT,False
2010-12-16,MODERATE,AGGRESSIVE,52,0.0030458993431812242,0.022330267389492953,0.015630836835387907,0.0007433672748751174,0.14454916819546781,0.0,-0.012310765263215506,100.0,EXCELLENT,False
2011-03-03,AGGRESSIVE,MODERATE,24,-0.011005443789773306,-0.029348299428651248,-0.07185994636994575,-0.12214068699490421,-0.029240463215788326,0.15893479002358912,-0.09121479372801111,68.21304199528217,GOOD,False
2011-04-06,MODERATE,AGGRESSIVE,48,-0.00023738252574545537,-0.0241265925659091,-0.020559916550832558,0.030545936879402102,0.053602304856263494,0.05359213330690582,-0.012105460604009743,89.28157333861884,EXCELLENT,False
2011-06-15,AGGRESSIVE,MODERATE,1,,,,,,,-0.0987281351351098,,N/A,True
2011-06-16,MODERATE,DEFENSIVE,4,0.006511386270756869,0.012015796948815716,,,,0.0,-0.0987281351351098,80.25437297297803,EXCELLENT,True
2011-06-22,DEFENSIVE,MODERATE,28,0.01857304475190613,0.014907836965718735,0.053396668849281514,0.16324547533133127,0.15408116789077964,0.01727769935910728,0.0,96.54446012817854,EXCELLENT,False
2011-08-02,MODERATE,DEFENSIVE,99,-0.00018572795011984056,0.0014239457742402095,0.04389546898432983,0.07677063873504708,0.1088410188585669,0.00547811806621068,-0.061138181971078454,87.7723636057843,EXCELLENT,False
2011-12-21,DEFENSIVE,MODERATE,14,0.01713739748870524,0.041079064832073575,0.031376107935409125,0.09828646686489484,,0.0,-0.07331758333199712,100.0,EXCELLENT,False
2012-01-12,MODERATE,AGGRESSIVE,71,-0.011467742983331308,0.05539848407871295,0.0717585278888293,0.10551325534828404,0.220302439627718,0.011600777720638389,0.0,97.67984445587233,EXCELLENT,False
2012-04-25,AGGRESSIVE,MODERATE,15,0.011934584626533518,0.00958245312391548,0.017248714913959518,-0.06228754379346568,,0.10184271521531607,-0.10893318525041495,79.63145695693679,GOOD,False
2012-05-16,MODERATE,AGGRESSIVE,3,-0.06153204681621194,,,,,0.11013035300361684,-0.10781843462092067,77.97392939927663,GOOD,True
2012-05-21,AGGRESSIVE,MODERATE,7,-0.0017809375751847156,-0.009298023300300384,0.011473840914534295,,,0.013432510371967687,-0.13761400838126192,97.31349792560647,EXCELLENT,False
2012-05-31,MODERATE,DEFENSIVE,1,,,,,,,-0.10366014889850428,79.26797022029915,GOOD,True
2012-06-01,DEFENSIVE,MODERATE,1,,,,,,,-0.04489029373818387,,N/A,True
2012-06-04,MODERATE,DEFENSIVE,1,,,,,,,-0.016233504946777,96.7532990106446,EXCELLENT,True
2012-06-05,DEFENSIVE,MODERATE,49,0.04657404638282259,0.05837301921928417,0.046367168786437096,0.10784496819236677,0.12730245270402785,0.0,-0.016233504946777,100.0,EXCELLENT,False
2012-08-14,MODERATE,AGGRESSIVE,58,0.007077617134330527,0.057501738438940464,0.049363964488051026,0.060509563299234514,0.06917858721813275,0.0,0.0,100.0,EXCELLENT,False
2012-11-07,AGGRESSIVE,MODERATE,16,-0.02943393652322024,-0.02377356695158772,-0.05981102244467029,-0.008301615109158167,,0.0715729504805056,-0.014514364432568705,85.68540990389889,EXCELLENT,False
2012-11-30,MODERATE,AGGRESSIVE,21,-0.004924542273397892,-0.04186453893906095,-0.04091682739224145,-0.052093574741053805,-0.019321752800976588,0.08621399833014753,0.0,82.75720033397049,EXCELLENT,False
2013-01-02,AGGRESSIVE,MODERATE,15,-0.009254601344655389,-0.014567606195036498,-0.012853813396929814,-0.008740790856741065,,0.017614521924342652,-0.04834556858438954,96.47709561513147,EXCELLENT,False
2013-01-24,MODERATE,AGGRESSIVE,58,0.014859636263092169,0.022108907174201553,0.009967297499123173,0.026458404267121205,0.015765863311015815,0.013406392171809056,0.0,97.31872156563819,EXCELLENT,False
2013-04-18,AGGRESSIVE,MODERATE,14,0.027739745350984446,0.06788395894518495,0.07839411082583014,0.12491389927770191,,0.0,-0.08138239427081928,100.0,EXCELLENT,False
2013-05-08,MODERATE,AGGRESSIVE,33,-0.0035307381768260315,0.017365156890633004,0.03995477622802235,0.03854261693763461,-0.01736609175762882,0.030105318450317275,-0.0011881102097396345,93.97893630993654,EXCELLENT,False
2013-06-25,AGGRESSIVE,MODERATE,12,0.01701331614481716,0.028040004804690266,0.043163252050295364,0.09530589385805421,,0.0,-0.14285658766524745,100.0,EXCELLENT,False
2013-07-12,MODERATE,AGGRESSIVE,67,0.007784508924769007,0.010974734089313376,-0.026926628124680163,0.0011492431245097023,0.04606920824985883,0.04354694255088609,0.0,91.29061148982278,EXCELLENT,False
2013-10-16,AGGRESSIVE,MODERATE,9,0.011437746887538847,0.04839865923895936,0.03924883636840071,,,0.0,-0.010689540380661167,100.0,EXCELLENT,False
2013-10-29,MODERATE,AGGRESSIVE,59,-0.003163268972887545,-0.010064946722234902,-0.0010543845249886274,-0.02079919739041769,0.05405910346038767,0.061666950799390774,0.0,87.66660984012185,EXCELLENT,False
2014-01-24,AGGRESSIVE,MODERATE,4,-0.017914591516266953,-0.04017797300365733,,,,0.04185981554246032,-0.012022273359653002,91.62803689150793,EXCELLENT,True
2014-01-30,MODERATE,DEFENSIVE,17,0.008251342703838205,-0.005673083371570686,-0.0028366521100493536,0.03197533328067359,,0.010159246174489489,-0.0517172157888236,89.65655684223528,EXCELLENT,False
2014-02-25,DEFENSIVE,MODERATE,1,,,,,,,-0.0024662819667625735,,N/A,True
2014-02-26,MODERATE,AGGRESSIVE,24,0.01966793657371113,-0.007715416251707241,0.04069654399126166,0.02269299537430758,-0.07806358351553155,0.08467350038433663,-0.0024662819667625735,83.06529992313267,EXCELLENT,False
2014-04-01,AGGRESSIVE,MODERATE,3,0.005344061214076046,,,,,0.010505577179173775,-0.0886848796035743,97.89888456416524,EXCELLENT,True
2014-04-04,MODERATE,DEFENSIVE,19,-0.00168850353489014,0.010371260448836406,0.005547423143930086,0.019054495382872405,,0.0016913594012180067,-0.05558097683887031,88.88380463222593,EXCELLENT,False
2014-05-02,DEFENSIVE,MODERATE,10,0.010140027448210631,-0.022206365090501,-0.016223996587366174,,,0.024304131180832522,0.0,95.1391737638335,EXCELLENT,False
2014-05-16,MODERATE,AGGRESSIVE,97,0.021430862384373972,0.03874052338931788,0.07517329707339604,0.12364030820397232,0.16617217013603858,0.0,-0.02543370334971362,100.0,EXCELLENT,False
2014-10-03,AGGRESSIVE,MODERATE,3,-0.004354426764480057,,,,,0.03358918540028388,-0.08389926714616625,93.28216291994322,EXCELLENT,True
2014-10-08,MODERATE,DEFENSIVE,23,-0.004355363660483169,0.011642766623003897,0.026300211461529166,0.010721222906796557,0.0005063963495435253,0.004374415832234746,-0.10980740244654996,78.03851951069001,GOOD,False
2014-11-10,DEFENSIVE,MODERATE,1,,,,,,,0.0,,N/A,True
2014-11-11,MODERATE,AGGRESSIVE,26,0.005499577004175027,0.027815593090074087,0.04103647563473811,0.07614999691203028,0.02675807271922137,0.0,0.0,100.0,EXCELLENT,False
2014-12-18,AGGRESSIVE,MODERATE,1,,,,,,,-0.10322421894608658,,N/A,True
2014-12-19,MODERATE,DEFENSIVE,39,0.002561033452322503,0.023687440932046888,0.048015493310830326,0.0006406114467367718,0.050149060150154634,0.0,-0.10322421894608658,79.35515621078268,GOOD,False
2015-02-18,DEFENSIVE,MODERATE,1,,,,,,,-0.07349656833534302,,N/A,True
2015-02-19,MODERATE,AGGRESSIVE,52,0.019225385064745693,0.025359195772173937,0.03259186750101728,0.024444120991961027,0.006408388228997364,0.07892093653095245,-0.07063439521870485,84.21581269380951,EXCELLENT,False
2015-05-05,AGGRESSIVE,MODERATE,19,-0.013377565211106335,0.021866288411557244,0.005092833522206908,0.04475095386533812,,0.013558950961791938,-0.036469141208457345,97.2882098076416,EXCELLENT,False
2015-06-02,MODERATE,AGGRESSIVE,28,0.008772817386224485,-0.020672340509450438,-0.05532888370408673,-0.036393462568688695,-0.07608756322977828,0.09470350929630511,-0.010086370547067958,81.05929814073897,EXCELLENT,False
2015-07-13,AGGRESSIVE,MODERATE,29,0.013357817687857043,0.04400213929992969,0.08263489796769852,0.01060749348136203,0.035227924356965534,0.0,-0.04895254882513844,100.0,EXCELLENT,False
2015-08-21,MODERATE,DEFENSIVE,3,-0.03751391499622514,,,,,0.07185386654067316,-0.07957018437093544,84.08596312581291,EXCELLENT,True
2015-08-26,DEFENSIVE,MODERATE,1,,,,,,,-0.13843930452555786,,N/A,True
2015-08-27,MODERATE,DEFENSIVE,36,0.0,0.0,0.0,0.0,0.0,0.0,-0.13843930452555786,72.31213909488842,GOOD,False
2015-10-19,DEFENSIVE,MODERATE,35,-0.01036760985242735,0.017099923075838186,0.07553521937076768,0.10919605427103063,0.04618292286897363,0.023425800408723996,0.0,95.3148399182552,EXCELLENT,False
2015-12-08,MODERATE,DEFENSIVE,1,,,,,,,-0.010369006072861175,97.92619878542777,EXCELLENT,True
2015-12-09,DEFENSIVE,MODERATE,2,0.008668339099213496,,,,,0.0,-0.010369006072861175,100.0,EXCELLENT,True
2015-12-11,MODERATE,DEFENSIVE,1,,,,,,,-0.0017905490344090058,99.6418901931182,EXCELLENT,True
2015-12-14,DEFENSIVE,MODERATE,13,0.011565036971187492,0.011179618816078651,-0.0062966918237500336,0.05112612684377993,,0.02705564685994788,-0.0017905490344090058,94.58887062801043,EXCELLENT,False
2016-01-04,MODERATE,DEFENSIVE,18,0.007177299001188242,-0.0013892201709919672,0.0034732043133594015,0.020143292376093136,,0.003718610170993397,-0.04146747192752542,91.70650561449492,EXCELLENT,False
2016-01-29,DEFENSIVE,MODERATE,1,,,,,,,0.0,,N/A,True
2016-02-01,MODERATE,DEFENSIVE,26,0.004361616522166489,0.012431610198512688,0.012213593153986402,0.0,0.004797882544244958,0.006365541302669531,0.0,100.0,EXCELLENT,False
2016-03-09,DEFENSIVE,MODERATE,14,-0.002509047768410211,0.034680974353240135,0.05253804364982684,0.05032456163990684,,0.002515358924105371,0.0,99.49692821517893,EXCELLENT,False
2016-03-30,MODERATE,AGGRESSIVE,61,-0.005825231603510894,0.01456342951530809,0.034563025258104396,0.03883550047183837,-0.05271859135605517,0.05565251347170741,0.0,88.86949730565851,EXCELLENT,False
2016-06-24,AGGRESSIVE,MODERATE,1,,,,,,,0.0,,N/A,True
2016-06-27,MODERATE,DEFENSIVE,4,0.027846664625086337,0.05569297491168346,,,,0.0,0.0,100.0,EXCELLENT,True
2016-07-01,DEFENSIVE,MODERATE,11,-0.012522477091847617,0.009878976020691654,0.05329074748639284,0.08320596719237883,,0.012681278106430716,0.0,97.46374437871386,EXCELLENT,False
2016-07-19,MODERATE,AGGRESSIVE,220,0.034244958155818184,0.040029128566632766,0.044436089235507126,0.07565151743335474,0.13514487881820414,0.0,0.0,100.0,EXCELLENT,False
2017-06-02,AGGRESSIVE,MODERATE,4,-0.00015967394788218847,-0.0003991848716490276,,,,0.007558661435707936,0.0,98.48826771285842,EXCELLENT,True
2017-06-08,MODERATE,AGGRESSIVE,1,,,,,,,-0.0003991848716490276,,N/A,True
2017-06-09,AGGRESSIVE,MODERATE,6,-0.01107109844837384,-0.00402584217464419,-0.020464557016009688,,,0.020892104683489343,-0.0003991848716490276,95.82157906330212,EXCELLENT,False
2017-06-19,MODERATE,DEFENSIVE,23,0.0005561809893828151,-0.01001313457956543,-0.006675579450599711,-0.04097938151585445,-0.03003893454602713,0.04881393591711847,-0.025287729480530152,94.94245410389397,EXCELLENT,False
2017-07-21,DEFENSIVE,MODERATE,2,0.0088622950678785,,,,,0.0,0.0,100.0,EXCELLENT,True
2017-07-25,MODERATE,AGGRESSIVE,17,0.00895688462733868,-0.012238315075098982,-0.0187120617639851,-0.004345251265005734,,0.07832110564637729,0.0,84.33577887072454,EXCELLENT,False
2017-08-17,AGGRESSIVE,MODERATE,1,,,,,,,-0.007010223317926445,,N/A,True
2017-08-18,MODERATE,DEFENSIVE,14,0.00366989923980654,0.009174562385269258,0.011743547567408141,0.005504756002586708,,0.0,-0.007010223317926445,98.59795533641471,EXCELLENT,False
2017-09-08,DEFENSIVE,MODERATE,10,0.021583801220082632,0.0301538453609429,0.02428185316838083,,,0.0,-0.0025342960903973477,100.0,EXCELLENT,False
2017-09-22,MODERATE,AGGRESSIVE,25,-0.031372800000911916,0.0016979899161029266,0.021183247058324195,0.06676802689073824,0.08839819831828288,0.032388931470168636,-0.023262883176528693,93.52221370596627,EXCELLENT,False
2017-10-27,AGGRESSIVE,MODERATE,15,0.005491289188833459,0.0122834324642076,0.026733910839019437,0.03237008744867853,,0.0,-0.042050397711661525,100.0,EXCELLENT,False
2017-11-17,MODERATE,AGGRESSIVE,10,-0.0024584708310780856,0.03307764830139659,0.04298567484757654,,,0.003363769841369102,-0.00041541403632383567,99.32724603172618,EXCELLENT,False
2017-12-04,AGGRESSIVE,MODERATE,15,0.00028406569613181887,0.01647735002244599,0.04133524294054003,0.08153389317273163,,0.0,-0.04084231400824945,100.0,EXCELLENT,False
2017-12-26,MODERATE,AGGRESSIVE,26,0.0,-0.01623991837809069,0.06453449694969193,0.10829021756704416,0.23544403939794956,0.016508007065417996,-0.01602291640591791,96.6983985869164,EXCELLENT,False
2018-02-02,AGGRESSIVE,MODERATE,1,,,,,,,-0.05093668874533652,,N/A,True
2018-02-05,MODERATE,DEFENSIVE,69,-0.010496423649786535,-0.013653190277317706,-0.01057530066745005,-0.003709267019959661,-0.0014205690669748527,0.015955723575147074,-0.05093668874533652,89.81266225093269,EXCELLENT,False
2018-05-15,DEFENSIVE,MODERATE,2,0.013379826632486491,,,,,0.0,-0.005512082119540684,100.0,EXCELLENT,True
2018-05-17,MODERATE,AGGRESSIVE,38,-0.016017203929938773,-0.004050402981122581,0.020129051621545546,0.07683351170873665,0.1550782578173202,0.016277930868212387,0.0,96.74441382635752,EXCELLENT,False
2018-07-12,AGGRESSIVE,MODERATE,5,0.0020127051933385154,0.01017048526819364,,,,0.0023363220048322475,-0.014619465725485559,99.53273559903354,EXCELLENT,True
2018-07-19,MODERATE,AGGRESSIVE,58,-0.001392409031232722,0.02011458171980296,0.016246137498161284,0.0018567936414879416,0.0043325184981068965,0.07305349587954768,-0.00898217392050249,85.38930082409047,EXCELLENT,False
2018-10-10,AGGRESSIVE,MODERATE,1,,,,,,,-0.10440240909667964,,N/A,True
2018-10-11,MODERATE,DEFENSIVE,10,0.0,0.0,0.0,,,0.0,-0.10440240909667964,79.11951818066407,GOOD,False
2018-10-25,DEFENSIVE,MODERATE,1,,,,,,,0.0,,N/A,True
2018-10-26,MODERATE,DEFENSIVE,63,0.0,0.0,0.0,0.0,0.0,0.0,0.0,100.0,EXCELLENT,False
2019-01-30,DEFENSIVE,MODERATE,31,0.028716108722308453,0.044308748360350814,0.05613304025339638,0.06107087870133521,0.08653849150694581,0.0,0.0,100.0,EXCELLENT,False
2019-03-15,MODERATE,AGGRESSIVE,40,0.009038493470756137,0.030915216257709988,0.008130632358444911,0.02458618529061063,0.129648751092587,0.004365732063980721,-0.0037840192881298806,99.12685358720385,EXCELLENT,False
2019-05-13,AGGRESSIVE,MODERATE,9,0.022015227874340404,0.07126655623412503,0.014752507562240336,,,0.006050947789925987,-0.0960968646795044,98.7898104420148,EXCELLENT,False
2019-05-24,MODERATE,DEFENSIVE,7,-0.016379778372928255,-0.030921122555576663,-0.016714111674025145,,,0.03190774587628953,-0.07213994483619512,85.57201103276097,EXCELLENT,False
2019-06-05,DEFENSIVE,MODERATE,17,0.015344733490206819,0.07836442750185801,0.07016479327755532,0.12521932498275556,,0.0,-0.054936791849728106,100.0,EXCELLENT,False
2019-06-28,MODERATE,AGGRESSIVE,25,0.039825153403855396,0.07576471884752589,0.04630070113561491,0.11818009134462892,0.12384610646911276,0.0,-0.020956251805057557,100.0,EXCELLENT,False
2019-08-05,AGGRESSIVE,MODERATE,9,0.0293820245629961,0.08511847236120684,0.04026025948482803,,,0.0,-0.11916652521835203,100.0,EXCELLENT,False
2019-08-16,MODERATE,DEFENSIVE,13,-0.014303582315913999,-0.010744643993547132,-0.0011641950783336519,0.007868680437948194,,0.01761904046693452,-0.06345431553124936,87.30913689375012,EXCELLENT,False
2019-09-05,DEFENSIVE,MODERATE,7,-0.0023052325224587333,-0.011725991244287748,0.0135297158349168,,,0.011865121555763025,-0.0007404807992397178,97.6269756888474,EXCELLENT,False
2019-09-16,MODERATE,AGGRESSIVE,19,0.013202954212296003,0.01708621262918464,-0.013979357088553468,-0.04271484735233755,,0.12828594660700543,-0.006526261974774461,74.34281067859891,GOOD,False
2019-10-11,AGGRESSIVE,MODERATE,10,0.0009107156804739613,0.020443079915676066,0.006274662117705665,,,0.0,-0.007788633534297484,100.0,EXCELLENT,False
2019-10-25,MODERATE,AGGRESSIVE,68,0.030521861176665777,0.020937627134317127,0.04939544973842036,0.08611048947956546,0.09407247281222686,0.0,0.0,100.0,EXCELLENT,False
2020-02-04,AGGRESSIVE,MODERATE,13,0.007643842359264408,0.015143845979260107,0.04031127995464412,0.0845893225776655,,0.0,-0.03469348363904046,100.0,EXCELLENT,False
2020-02-24,MODERATE,DEFENSIVE,61,-0.017874260693127697,-0.01338968791674755,-0.04414119771476921,0.011019291825594468,-0.06272018396963874,0.13075922869934686,-0.05591765656328751,88.81646868734249,EXCELLENT,False
2020-05-20,DEFENSIVE,MODERATE,14,-0.022023719953043752,-0.019867523279852084,-0.014400062814949433,0.030032221013230442,,0.022519687238208075,0.0,95.49606255235838,EXCELLENT,False
2020-06-10,MODERATE,AGGRESSIVE,1,,,,,,,0.0,,N/A,True
2020-06-11,AGGRESSIVE,MODERATE,12,0.013986673920446613,0.07666158179595128,0.088606795113501,0.10750762058586072,,0.0,0.0,100.0,EXCELLENT,False
2020-06-29,MODERATE,DEFENSIVE,3,0.004440918278166173,,,,,6.0075416626670375e-05,-0.06945831582512263,86.10833683497547,EXCELLENT,True
2020-07-02,DEFENSIVE,MODERATE,1,,,,,,,-0.06951421514631306,,N/A,True
2020-07-06,MODERATE,DEFENSIVE,1,,,,,,,-0.06951421514631306,86.09715697073739,EXCELLENT,True
2020-07-07,DEFENSIVE,MODERATE,40,0.02594295940350122,0.0585607398307062,0.029280321280897414,0.05629380847020782,0.10522009000986965,0.011915330835616578,-0.06951421514631306,97.61693383287668,EXCELLENT,False
2020-09-01,MODERATE,AGGRESSIVE,2,0.0282197370613535,,,,,0.0,0.0,100.0,EXCELLENT,True
2020-09-03,AGGRESSIVE,MODERATE,3,-0.026532529630130308,,,,,0.1355189939341328,0.0,72.89620121317344,GOOD,True
2020-09-09,MODERATE,DEFENSIVE,32,0.0,0.0,0.0,0.0,0.0,0.0,-0.11934542236463352,76.1309155270733,GOOD,False
2020-10-23,DEFENSIVE,MODERATE,27,-0.03164477822866807,-0.09284592614425269,-0.10704957275853666,0.0630809414801814,0.030182779308816743,0.11988299629268151,0.0,76.0234007414637,GOOD,False
2020-12-02,MODERATE,AGGRESSIVE,31,0.004063262675343404,0.03359800249399525,-0.026805958182805845,0.04742554504970564,0.10255305198324494,0.02754430979946454,0.0,94.49113804010709,EXCELLENT,False
2021-01-19,AGGRESSIVE,MODERATE,31,0.04575772658602517,0.05670550763649218,0.07697562345863385,0.06919258710969234,0.10870684002001108,0.013435101990751708,-0.06784735088876592,97.31297960184966,EXCELLENT,False
2021-03-04,MODERATE,DEFENSIVE,3,0.0,,,,,0.0,-0.13880877007011616,72.23824598597676,GOOD,True
2021-03-09,DEFENSIVE,MODERATE,2,-0.005974610846309014,,,,,0.006010521372493027,-0.0931299608675813,98.79789572550139,EXCELLENT,True
2021-03-11,MODERATE,DEFENSIVE,13,0.0,0.0,0.0,0.0,,0.0,-0.09356945546817486,81.28610890636503,EXCELLENT,False
2021-03-30,DEFENSIVE,MODERATE,26,0.029427494331068615,0.1082221356711921,0.11129656493640017,0.14371048485157312,0.1575018896703928,0.0,0.0,100.0,EXCELLENT,False
2021-05-06,MODERATE,AGGRESSIVE,4,0.024477091594223177,-0.05724446432185948,,,,0.06072036933804115,-0.07392778871568662,87.85592613239177,EXCELLENT,True
2021-05-12,AGGRESSIVE,MODERATE,18,0.015472918966042748,0.047027148173548916,0.03503134547721842,0.10917934254657258,,0.0,-0.11918646073184791,100.0,EXCELLENT,False
2021-06-08,MODERATE,AGGRESSIVE,82,0.0011425349532825368,0.03999238259078508,0.04932378351755351,0.10026649492287953,0.23062266592256786,0.0,0.0,100.0,EXCELLENT,False
2021-10-04,AGGRESSIVE,MODERATE,15,0.026736642659166865,0.05870695203394316,0.03197063718260118,0.1150093261264058,,0.0,-0.10543750177858702,100.0,EXCELLENT,False
2021-10-25,MODERATE,AGGRESSIVE,26,0.009345563009818703,0.05071452315735114,0.07675934361166159,0.16726205219812162,0.17509638313410902,0.0,-0.017087632628122296,100.0,EXCELLENT,False
2021-12-01,AGGRESSIVE,MODERATE,4,0.014768410160003631,-0.00448953171201083,,,,0.02098915363848408,-0.07705764595878328,95.80216927230319,EXCELLENT,True
2021-12-07,MODERATE,DEFENSIVE,173,-0.001015293751835622,0.003046200429902335,0.009283697969865612,0.015023794132004387,0.0322747233603804,0.0023264359455597017,-0.04821065798684754,90.35786840263049,EXCELLENT,False
2022-08-16,DEFENSIVE,MODERATE,4,-0.02313858498808108,-0.05671530755903165,,,,0.06012533439111323,0.0,87.97493312177735,EXCELLENT,True
2022-08-22,MODERATE,DEFENSIVE,72,0.03606131565833626,0.05686537808529657,0.0602699538280389,-0.0011345645856211117,-0.017266086319957963,0.01756944181899822,-0.05671530755903165,88.65693848819367,EXCELLENT,False
2022-12-02,DEFENSIVE,MODERATE,1,,,,,,,-0.025423833394030648,,N/A,True
2022-12-05,MODERATE,DEFENSIVE,24,-0.026360733821111593,-0.03297956627829379,-0.031724241536798536,-0.03743124116162244,-0.02705492307311186,0.05986941667466961,-0.025423833394030648,94.91523332119387,EXCELLENT,False
2023-01-10,DEFENSIVE,MODERATE,69,0.03380562396375919,0.05806969013896923,0.03435101481006586,0.1060523266564537,0.23009793203852236,0.0,-0.008410103566598104,100.0,EXCELLENT,False
2023-04-20,MODERATE,AGGRESSIVE,13,0.0018643797701984877,-0.06040249433447609,0.03243856932071387,-0.008948402859775162,,0.06428549881227341,-0.003885455754552236,87.14290023754532,EXCELLENT,False
2023-05-09,AGGRESSIVE,MODERATE,28,0.021681716933247497,0.02026335613285357,0.03302938364217822,0.07051665101262983,0.1671732148050018,0.0,0.0,100.0,EXCELLENT,False
2023-06-20,MODERATE,AGGRESSIVE,5,-0.04007703769196569,-0.037606147956624425,,,,0.0818495910337449,-0.012979036196850036,83.63008179325102,EXCELLENT,True
2023-06-27,AGGRESSIVE,MODERATE,14,0.0033582008897823368,0.029585558315815552,0.03374366515579941,0.04685759019910729,,0.0011207782008471057,-0.08765416931939951,99.77584435983059,EXCELLENT,False
2023-07-18,MODERATE,AGGRESSIVE,11,0.0,-0.07836786361368275,-0.05613118809414874,-0.029360809862762682,,0.08503160916345642,0.0,82.99367816730872,EXCELLENT,False
2023-08-02,AGGRESSIVE,MODERATE,12,-0.00365861805168588,0.0035061120412693825,-0.03597568685511787,-0.06570115137835209,,0.09479314029387864,-0.029360809862762682,81.04137194122427,EXCELLENT,False
2023-08-18,MODERATE,AGGRESSIVE,7,0.04835164525412572,0.09285693606297363,0.045055033347890294,,,0.0,-0.08977677959924313,100.0,EXCELLENT,False
2023-08-29,AGGRESSIVE,MODERATE,15,0.01103594577071143,0.014561286185679645,-0.0015331211183367,-0.006131658116551808,,0.028373661085068003,-0.022373039366205494,94.3252677829864,EXCELLENT,False
2023-09-20,MODERATE,AGGRESSIVE,25,-0.0569535038390101,-0.04370877431406284,-0.08079476711924816,-0.04794705442342584,-0.028344383807574536,0.09452021084227513,-0.03689087010914449,81.09595783154498,EXCELLENT,False
2023-10-25,AGGRESSIVE,MODERATE,26,-0.03852989292424236,-0.008345176327390402,0.03657676219738293,0.1290838381608599,0.22975874386687245,0.04007393744297283,-0.101169097609354,91.98521251140544,EXCELLENT,False
2023-12-01,MODERATE,AGGRESSIVE,55,-0.028481200868984313,-0.03887888793124572,0.013336246943471242,0.1130198721310014,0.09270536780950533,0.040451601200977905,-0.012219718205422891,91.90967975980442,EXCELLENT,False
2024-02-22,AGGRESSIVE,MODERATE,25,-0.0064110228888072385,-0.0027975226268709408,0.0029140525317512544,0.030189831060896344,0.030618925833257427,0.025705286653578074,-0.08113477202818276,94.85894266928439,EXCELLENT,False
2024-03-28,MODERATE,AGGRESSIVE,16,0.006172631365426673,-0.014295058485241152,-0.02761537754390153,-0.046133842073022624,,0.24413910026349206,-0.006891949088447924,51.172179947301586,FAIR,False
2024-04-22,AGGRESSIVE,MODERATE,21,0.029985775044938157,0.025720469048207573,0.06578758815769792,0.1009433620087663,0.17177211770267542,0.0,-0.1980550709122667,100.0,EXCELLENT,False
2024-05-21,MODERATE,AGGRESSIVE,38,-0.0006194937003803913,0.012080006294587609,0.0017037285277869962,0.04460282127258641,0.16292394258717335,0.032624356870780025,0.0,93.475128625844,EXCELLENT,False
2024-07-17,AGGRESSIVE,MODERATE,5,-0.009851718879856364,0.0005972586453677486,,,,0.02866192074301721,-0.042740959420088265,94.26761585139656,EXCELLENT,True
2024-07-24,MODERATE,DEFENSIVE,46,-0.008301528961184745,0.005909768992290676,0.024201462158656817,0.031096173717924724,0.059518883215299745,0.008371021236413645,-0.04874224041699393,90.25155191660122,EXCELLENT,False
2024-09-27,DEFENSIVE,MODERATE,3,0.0049900785190653,,,,,0.024016255611623682,-0.008714178750116819,95.19674887767526,EXCELLENT,True
2024-10-02,MODERATE,AGGRESSIVE,25,-0.002296284919271141,-0.0011483092667330386,0.06730775967254532,0.049368513306408346,0.07878862824621446,0.0023015699797062084,-0.031962807408942195,99.53968600405875,EXCELLENT,False
2024-11-06,AGGRESSIVE,MODERATE,15,0.031471854619798956,0.03156536680404032,0.025028164467877367,-0.013074261687231803,,0.04011646047599404,-0.05124866880186152,91.97670790480119,EXCELLENT,False
2024-11-27,MODERATE,AGGRESSIVE,14,0.025545500121949782,0.06816413943400468,0.09807443629607326,0.12349132014121889,,0.0,-0.014486143845018451,100.0,EXCELLENT,False
2024-12-18,AGGRESSIVE,MODERATE,39,-0.009676228827809163,0.026787237956617194,0.0525745920114995,0.006881289211092323,0.026063441917644647,0.049368421549274455,-0.013399150164462137,90.1263156901451,EXCELLENT,False
2025-02-18,MODERATE,AGGRESSIVE,7,0.0001105625406605526,-0.07390200245619749,-0.14127662824929232,,,0.16451937014508755,0.0,67.09612597098248,GOOD,False
2025-02-27,AGGRESSIVE,MODERATE,2,0.03084012023112348,,,,,0.0,-0.13584062710405975,100.0,EXCELLENT,True
2025-03-03,MODERATE,DEFENSIVE,10,0.008697635934455272,0.005660980058888931,-0.0026242097738627956,,,0.0026311143699084827,-0.10918984814509669,78.16203037098066,GOOD,False
2025-03-17,DEFENSIVE,MODERATE,1,,,,,,,0.0,,N/A,True
2025-03-18,MODERATE,DEFENSIVE,36,0.004107707999658539,-0.005250754627698417,-0.005322154164353665,0.027182512149639182,0.06365197838305425,0.022834387472573603,0.0,100.0,EXCELLENT,False
2025-05-08,DEFENSIVE,MODERATE,18,-0.0017159857728881178,0.11207634114635057,0.1278422116764033,0.10360355371741847,,0.001718935441650471,-0.014993060801348546,99.65621291166991,EXCELLENT,False
2025-06-04,MODERATE,AGGRESSIVE,90,-0.02328411954640519,0.009070073771060061,0.018004631721551423,-0.005550206734221574,0.15131164718922485,0.02383919419390601,0.0,95.2321611612188,EXCELLENT,False
2025-10-13,AGGRESSIVE,MODERATE,28,-0.013315680768411498,-0.007349047229039618,0.030415546707423413,0.08520708414695877,0.06417818863367941,0.013495380953030267,-0.1084680613034934,97.30092380939395,EXCELLENT,False
2025-11-20,MODERATE,DEFENSIVE,3,-0.0015473311468576778,,,,,0.0015497290909491923,-0.07562373618594598,84.8752527628108,EXCELLENT,True
2025-11-25,DEFENSIVE,MODERATE,14,0.01769517161659584,0.02647094376496084,0.0471873440922681,0.05970358046268687,,0.0,-0.057403599272896955,100.0,EXCELLENT,False
2025-12-16,MODERATE,AGGRESSIVE,35,-0.05599093012823675,0.02274028184357557,0.05121329759215998,0.00903014257318957,0.04080159319515442,0.05931185612002943,-0.054710974185691263,88.13762877599412,EXCELLENT,False
2026-02-06,AGGRESSIVE,MODERATE,34,0.0151184253528871,0.010611925745186213,-0.027184193138481527,-0.02965551369890329,-0.012356491791934654,0.039280899808920466,-0.165089429498944,92.1438200382159,EXCELLENT,False
2026-03-27,MODERATE,DEFENSIVE,15,0.00723837641359415,0.01140601322996515,0.012722104634698361,0.017547745049289576,,0.0,-0.0958481742965629,80.83036514068742,EXCELLENT,False
2026-04-20,DEFENSIVE,MODERATE,31,-0.007866728273715484,0.013504767083402314,0.05270757992672137,0.07879901214939733,0.18264062615180543,0.00792910438335337,-0.020996907097131645,98.41417912332932,EXCELLENT,False
2026-06-03,MODERATE,AGGRESSIVE,2,-0.015480502766506699,,,,,0.015723916905665103,0.0,96.85521661886698,EXCELLENT,True
2026-06-05,AGGRESSIVE,MODERATE,1,,,,,,,-0.015480502766506699,,N/A,True
2026-06-08,MODERATE,DEFENSIVE,34,-0.016115206955891637,-0.020744036689693934,-0.047659846357790525,-0.05961337494133434,-0.03992846497764513,0.09661708379006484,-0.015480502766506699,96.90389944669866,EXCELLENT,False
2026-07-28,DEFENSIVE,MODERATE,1,,,,,,,-0.021133819927986575,,N/A,True
2026-07-29,MODERATE,DEFENSIVE,4,0.005285550733651112,0.0023870313044520586,,,,0.0,-0.021133819927986575,95.77323601440268,EXCELLENT,True
2026-08-04,DEFENSIVE,MODERATE,1,,,,,,,-0.018797235713285287,,N/A,True
2026-08-05,MODERATE,DEFENSIVE,8,0.0,0.0,0.0,,,0.0,-0.018797235713285287,96.24055285734295,EXCELLENT,False
